strategy,stoploss,total_return,cagr,mdd,win_rate,buy_time,win_time,gain_loss_ratio,holding_time_ratio,investing_period,sharpe_ratio,execution_time
benchmark,,28.59008264462783,0.01999803774661757,0.8748599439775915,,,,,,62443,0.06946973369572755,
momentum_5,,64.32059084638267,0.7972531668703002,0.6564409179044026,0.3399014778325123,203.0,69.0,4.57,0.537663335895465,2602,1.4437398371510226,00:00
momentum_5,0.03,78.03529843294515,0.8459507087269922,0.6147447382740293,0.3394495412844037,218.0,74.0,4.05,0.5146041506533435,2602,1.5411700188614517,00:00
momentum_5,0.05,57.74636903695305,0.7707075506686403,0.6602961446695667,0.33014354066985646,209.0,69.0,4.17,0.5284396617986165,2602,1.4359051961276466,00:00
momentum_5,0.1,75.28382519781636,0.8367981488450558,0.6564409179044032,0.3399014778325123,203.0,69.0,4.74,0.536510376633359,2602,1.5024232690761288,00:00
momentum_5,0.2,64.4576818613428,0.7977818095746163,0.6564409179044025,0.3399014778325123,203.0,69.0,4.5,0.5372790161414297,2602,1.4443913314915782,00:00
momentum_10,,72.71906659436526,0.8301316851665397,0.46923039538542294,0.336,125.0,42.0,6.33,0.5386984982672314,2597,1.4623665809016961,00:00
momentum_10,0.03,69.1053169958459,0.8172486818638094,0.43558519331569706,0.3782051282051282,156.0,59.0,4.53,0.5013477088948787,2597,1.4870624938852102,00:00
momentum_10,0.05,105.69915290456393,0.9277535142539144,0.4664805788519701,0.37857142857142856,140.0,53.0,5.14,0.5221409318444359,2597,1.6030140715874448,00:00
momentum_10,0.1,85.25872013373505,0.8709875127701436,0.46700985972901127,0.35658914728682173,129.0,46.0,5.79,0.5340777820562187,2597,1.523669522698362,00:00
momentum_10,0.2,79.89540219883312,0.8541828553406425,0.4692303953854228,0.3412698412698413,126.0,43.0,5.82,0.5379283788987294,2597,1.4925489790307982,00:00
momentum_20,,121.7220977053745,0.9711798494990032,0.5982010972532411,0.3448275862068966,87.0,30.0,6.39,0.5419404715887128,2587,1.622321885761575,00:00
momentum_20,0.03,83.52730210430259,0.8701659020989301,0.5881430349117769,0.36231884057971014,138.0,50.0,3.02,0.49748743718592964,2587,1.5596137839238193,00:00
momentum_20,0.05,118.11462783729154,0.9628994445254595,0.6176126736126704,0.42342342342342343,111.0,47.0,4.05,0.5187475840742173,2587,1.6467160010424684,00:00
momentum_20,0.1,111.0301788203179,0.9459909397981987,0.6067940746129357,0.3473684210526316,95.0,33.0,3.79,0.5349826053343641,2587,1.6149856919302192,00:00
momentum_20,0.2,105.36682249096869,0.9318002499733071,0.5982010972532404,0.3409090909090909,88.0,30.0,5.36,0.540780827212988,2587,1.583038124404378,00:00
momentum_50,,32.772239497551496,0.6527033065931409,0.7894184276068948,0.3392857142857143,56.0,19.0,11.22,0.543605788032851,2557,1.2174459254960406,00:00
momentum_50,0.03,16.73292213763894,0.5075011441016601,0.7423603838007459,0.35964912280701755,114.0,41.0,3.51,0.4912006257332812,2557,1.0609116550111681,00:00
momentum_50,0.05,25.466301573110837,0.5961838957714607,0.7822649969496355,0.42528735632183906,87.0,37.0,4.69,0.5154477903793508,2557,1.1668288283301418,00:00
momentum_50,0.1,32.1365539054014,0.6482264787443013,0.6707932404002288,0.34285714285714286,70.0,24.0,9.65,0.5314822057098162,2557,1.2393548097329758,00:00
momentum_50,0.2,27.105683141700226,0.6099363520295951,0.7806466707235254,0.3620689655172414,58.0,21.0,7.64,0.5408682049276496,2557,1.168754668010219,00:00
momentum_5,,40.91419879876257,0.6888049279188333,0.6333758550838814,0.32663316582914576,199.0,65.0,3.89,0.5315142198308993,2602,1.2730294020139272,01:00
momentum_5,0.03,48.8749401104905,0.7305069810396851,0.5542555035997198,0.3211009174311927,218.0,70.0,3.59,0.504227517294389,2602,1.3605261256117136,01:00
momentum_5,0.05,65.20317185809105,0.8006399748788753,0.6157602968834749,0.3300970873786408,206.0,68.0,3.76,0.5211375864719446,2602,1.4261575563700364,01:00
momentum_5,0.1,56.91352645960372,0.7671645089575363,0.6415456691041326,0.32663316582914576,199.0,65.0,4.07,0.5295926210607225,2602,1.3785144671503422,01:00
momentum_5,0.2,36.88886110455633,0.6650543243274301,0.6333758550838812,0.32663316582914576,199.0,65.0,3.73,0.531129900076864,2602,1.246156975844932,01:00
momentum_10,,58.46532081636069,0.7756896677061718,0.4866361520707291,0.31851851851851853,135.0,43.0,5.79,0.5383134385829803,2597,1.360130203401615,01:00
momentum_10,0.03,79.62423932441618,0.8533080603303651,0.35560377601209947,0.35714285714285715,168.0,60.0,4.48,0.5001925298421255,2597,1.5051196463594279,01:00
momentum_10,0.05,105.1459835241802,0.9263457200669816,0.41873174715025896,0.3509933774834437,151.0,53.0,5.21,0.5194455140546784,2597,1.5674557005489949,01:00
momentum_10,0.1,66.62990834406725,0.8080903313320285,0.4887250095551641,0.3262411347517731,141.0,46.0,5.45,0.5333076626877166,2597,1.4149174485541613,01:00
momentum_10,0.2,48.03005608802582,0.7281803138495904,0.476774239464456,0.3235294117647059,136.0,44.0,5.35,0.5367731998459762,2597,1.3163064742725858,01:00
momentum_20,,73.17385539534416,0.8360048148604338,0.6159885341641103,0.3333333333333333,90.0,30.0,7.47,0.5423270197139544,2587,1.4266300523750406,01:00
momentum_20,0.03,124.53673931300303,0.9774964672445745,0.48812478306152346,0.391304347826087,138.0,54.0,4.08,0.49748743718592964,2587,1.6631003016084809,01:00
momentum_20,0.05,99.89971833180849,0.917471710447997,0.6279295176409779,0.3565217391304348,115.0,41.0,6.51,0.5175879396984925,2587,1.5658816819467352,01:00
momentum_20,0.1,79.39160360791276,0.8569760464158662,0.6230519522631829,0.336734693877551,98.0,33.0,5.46,0.534209509083881,2587,1.475942543902865,01:00
momentum_20,0.2,47.3843779942022,0.7286026006908028,0.6159885341641104,0.32608695652173914,92.0,30.0,6.61,0.540780827212988,2587,1.3160451942599276,01:00
momentum_50,,23.45494922148039,0.5782760850850353,0.8177236167204363,0.3050847457627119,59.0,18.0,9.93,0.5490809542432538,2557,1.0924651892114887,01:00
momentum_50,0.03,28.726719609919265,0.6228745994568181,0.7669898743352309,0.35537190082644626,121.0,43.0,3.78,0.4951114587407118,2557,1.199068074701382,01:00
momentum_50,0.05,19.91711081301553,0.5434606055581928,0.814821687724061,0.3870967741935484,93.0,36.0,4.81,0.5181853734845522,2557,1.0780156798606009,01:00
momentum_50,0.1,28.521474672588454,0.6212703886840423,0.7471155808165039,0.36,75.0,27.0,7.16,0.5357841220179899,2557,1.1734716290379663,01:00
momentum_50,0.2,13.487380811351091,0.4646234043622268,0.8219903728858103,0.3333333333333333,63.0,21.0,7.15,0.5455612045365663,2557,0.9582365906169199,01:00
momentum_5,,37.09424543446176,0.6663174890138621,0.6140854528668581,0.33663366336633666,202.0,68.0,3.71,0.5253651037663336,2602,1.2085119898618433,02:00
momentum_5,0.03,33.58600222502022,0.6438866954345515,0.6230542356942791,0.33031674208144796,221.0,73.0,3.07,0.4973097617217525,2602,1.2116114880404736,02:00
momentum_5,0.05,36.56930885853149,0.6630772444767323,0.6137405301219593,0.32857142857142857,210.0,69.0,3.37,0.5130668716372021,2602,1.224148716432578,02:00
momentum_5,0.1,48.55874930375388,0.7289638160530039,0.6140854528668584,0.33663366336633666,202.0,68.0,3.87,0.5238278247501922,2602,1.2913355982097356,02:00
momentum_5,0.2,47.357573848157934,0.7230232552783489,0.6140854528668582,0.33663366336633666,202.0,68.0,3.75,0.5249807840122982,2602,1.2829543520930176,02:00
momentum_10,,52.077517955717745,0.7475541415459439,0.5031678829487337,0.33088235294117646,136.0,45.0,5.39,0.5352329611089719,2597,1.3001344798324708,02:00
momentum_10,0.03,41.85639189642545,0.6957996680330796,0.4484769078537454,0.3772455089820359,167.0,63.0,3.95,0.496726992683866,2597,1.2761934764259752,02:00
momentum_10,0.05,50.35945035324304,0.7394910259186738,0.5813666876938673,0.37254901960784315,153.0,57.0,4.01,0.5144397381594147,2597,1.318669906913496,02:00
momentum_10,0.1,66.67042817342819,0.8082425465445364,0.5210216572386955,0.3333333333333333,141.0,47.0,4.91,0.5298421255294571,2597,1.386917661466313,02:00
momentum_10,0.2,68.65464790385707,0.8156022454652831,0.5031678829487338,0.3333333333333333,138.0,46.0,5.01,0.5340777820562187,2597,1.3919868327957938,02:00
momentum_20,,51.5603940600174,0.7489115130780559,0.6560215850155432,0.30434782608695654,92.0,28.0,7.04,0.5469655972168534,2587,1.298183047538277,02:00
momentum_20,0.03,37.23921990598626,0.6721541159291755,0.6500630932242303,0.3424657534246575,146.0,50.0,3.48,0.499033629686896,2587,1.249082852484806,02:00
momentum_20,0.05,39.842243403280406,0.6877633730193722,0.6870685566921102,0.3412698412698413,126.0,43.0,4.11,0.5191341321994588,2587,1.25760160459795,02:00
momentum_20,0.1,72.67349224823806,0.8342522813718853,0.6426659086628017,0.33,100.0,33.0,6.81,0.5380749903362969,2587,1.4188937990657364,02:00
momentum_20,0.2,62.63377659201431,0.7967283314254388,0.6560215850155433,0.30851063829787234,94.0,29.0,6.11,0.5454194047158871,2587,1.368889706086525,02:00
momentum_50,,31.911617127882423,0.6466247120493058,0.8070906017884611,0.36363636363636365,55.0,20.0,8.59,0.5475166210402815,2557,1.1582953215295229,02:00
momentum_50,0.03,15.6001941219095,0.4933635533657088,0.7831058219948825,0.34959349593495936,123.0,43.0,3.42,0.490027375831052,2557,1.0083606815812733,02:00
momentum_50,0.05,19.29588886087157,0.5368323544541087,0.8350213539384014,0.3707865168539326,89.0,33.0,4.17,0.5150567070786077,2557,1.051751784724482,02:00
momentum_50,0.1,46.16775571691757,0.7334254291318005,0.6961224524087308,0.36231884057971014,69.0,25.0,7.61,0.5346108721157606,2557,1.285966521995391,02:00
momentum_50,0.2,30.591946883992303,0.6370337714561958,0.8087387229564128,0.3508771929824561,57.0,20.0,6.72,0.5447790379350802,2557,1.1638016662497284,02:00
momentum_5,,19.293066840622565,0.5254234994156293,0.6364623498949739,0.3034825870646766,201.0,61.0,4.03,0.5292083013066872,2602,1.0415233270473203,03:00
momentum_5,0.03,10.122881516764382,0.40203844526284027,0.6331038709685696,0.3022222222222222,225.0,68.0,3.7,0.49961568024596464,2602,0.8944425674131747,03:00
momentum_5,0.05,19.63369904485963,0.5289896646659227,0.6107384200349877,0.3014354066985646,209.0,63.0,3.63,0.5184473481936972,2602,1.0603397889041453,03:00
momentum_5,0.1,21.973741314688915,0.5522051086309161,0.6421185542489735,0.297029702970297,202.0,60.0,4.2,0.526902382782475,2602,1.084041390670613,03:00
momentum_5,0.2,14.920022689660705,0.4743639578965708,0.6763272753422893,0.3034825870646766,201.0,61.0,3.82,0.5288239815526518,2602,0.985416899240117,03:00
momentum_10,,56.980345871839646,0.7693895063855971,0.5584747286120162,0.3560606060606061,132.0,47.0,5.27,0.5329226030034655,2597,1.33560333660633,03:00
momentum_10,0.03,27.81890444904031,0.6038102131985927,0.5466340924595515,0.3878787878787879,165.0,64.0,3.74,0.49210627647285327,2597,1.1773671520846456,03:00
momentum_10,0.05,52.05378961835267,0.7474443189502407,0.5149176296210007,0.37583892617449666,149.0,56.0,4.12,0.5121293800539084,2597,1.3449454184792475,03:00
momentum_10,0.1,62.08926007790814,0.7905149393231923,0.5670794780373236,0.3602941176470588,136.0,49.0,4.9,0.5283018867924528,2597,1.3770687705768874,03:00
momentum_10,0.2,40.14002481797313,0.6860858827569496,0.5584747286120166,0.3484848484848485,132.0,46.0,4.63,0.5321524836349634,2597,1.258923957788793,03:00
momentum_20,,46.13382735124292,0.7222279041491382,0.6863098353767277,0.32954545454545453,88.0,29.0,7.47,0.5458059528411288,2587,1.2753454012412564,03:00
momentum_20,0.03,21.591332071831747,0.5524861808731487,0.6758184064810319,0.352112676056338,142.0,50.0,3.37,0.4967143409354465,2587,1.1078554039236428,03:00
momentum_20,0.05,27.02377523115673,0.6004113728394125,0.706474200650874,0.35833333333333334,120.0,43.0,4.05,0.5164282953227677,2587,1.1601891119781367,03:00
momentum_20,0.1,39.30082480694073,0.6845885655959103,0.669850587309762,0.31958762886597936,97.0,31.0,6.27,0.5373018940858136,2587,1.2505691246668302,03:00
momentum_20,0.2,32.443864430929374,0.6408387686526877,0.6863098353767274,0.32954545454545453,88.0,29.0,7.07,0.5450328565906455,2587,1.1975594335031932,03:00
momentum_50,,27.808883030676505,0.6156254645009414,0.7867699212482411,0.37037037037037035,54.0,20.0,9.78,0.5463433711380524,2557,1.1224644175506642,03:00
momentum_50,0.03,5.413730823048474,0.30380111384636366,0.8594396999892736,0.3467741935483871,124.0,43.0,3.11,0.48768087602659366,2557,0.7381284916812154,03:00
momentum_50,0.05,8.91987166540542,0.387543668334412,0.8517384344794368,0.3804347826086957,92.0,35.0,3.6,0.5127102072741494,2557,0.8565202053335945,03:00
momentum_50,0.1,24.547161812285655,0.5881506529134508,0.6689542796479969,0.37681159420289856,69.0,26.0,7.26,0.5330465389127884,2557,1.1141089524003494,03:00
momentum_50,0.2,13.222163715629854,0.46076566319276213,0.8683361216736213,0.36363636363636365,55.0,20.0,6.56,0.5439968713335941,2557,0.9505799785598478,03:00
momentum_5,,23.22350432477866,0.5635134133382731,0.5988098750279619,0.29411764705882354,204.0,60.0,4.44,0.5282366500192086,2603,1.0778526020740242,04:00
momentum_5,0.03,16.45031913974279,0.4932384724842642,0.6144221650886772,0.32142857142857145,224.0,72.0,3.55,0.4994237418363427,2603,1.01111128542088,04:00
momentum_5,0.05,25.696393655657506,0.5849705809878916,0.6259725161952359,0.3127962085308057,211.0,66.0,3.86,0.5159431425278524,2603,1.1178999882256586,04:00
momentum_5,0.1,37.08130600852507,0.6659112872165003,0.5988098750279621,0.30392156862745096,204.0,62.0,4.68,0.5259316173645794,2603,1.2202605293353648,04:00
momentum_5,0.2,16.68467266673714,0.4960343761616235,0.7067291502355199,0.29411764705882354,204.0,60.0,4.16,0.5278524779101037,2603,1.0136664471964885,04:00
momentum_10,,47.02976307296968,0.7228200603551138,0.5974886289055558,0.34615384615384615,130.0,45.0,5.06,0.5373364126250962,2598,1.2571396951318765,04:00
momentum_10,0.03,36.55367082338026,0.6642828793970619,0.5838070553458414,0.378698224852071,169.0,64.0,3.4,0.49499615088529636,2598,1.2308488502376846,04:00
momentum_10,0.05,45.72647100617097,0.7161742799612729,0.5567034038648322,0.3877551020408163,147.0,57.0,3.8,0.5142417244033872,2598,1.2808743691740598,04:00
momentum_10,0.1,53.874421897378,0.7553703505077196,0.6111445865591483,0.3533834586466165,133.0,47.0,4.68,0.5323325635103926,2598,1.3187653434178217,04:00
momentum_10,0.2,34.064729975404525,0.6483256124895878,0.5974886289055557,0.3384615384615385,130.0,44.0,4.47,0.5369515011547344,2598,1.19946234112284,04:00
momentum_20,,40.07092519378114,0.6887513981279167,0.6854297097535252,0.3076923076923077,91.0,28.0,4.57,0.544435857805255,2588,1.2218106925798697,04:00
momentum_20,0.03,23.932018453442417,0.5739555086012531,0.6676101519361568,0.38095238095238093,147.0,56.0,3.21,0.4918856259659969,2588,1.1254981028632882,04:00
momentum_20,0.05,26.249997189654486,0.5938142171742207,0.7201527477879411,0.36363636363636365,121.0,44.0,3.95,0.5154559505409583,2588,1.1384886689887304,04:00
momentum_20,0.1,43.01726734180588,0.7053333390954186,0.6744688415879927,0.3163265306122449,98.0,31.0,4.64,0.5367078825347759,2588,1.2662165457806758,04:00
momentum_20,0.2,26.759388704496,0.5979828240165632,0.6854297097535254,0.31521739130434784,92.0,29.0,4.04,0.5432766615146831,2588,1.1415015962417434,04:00
momentum_50,,32.38145563776542,0.6496368885563757,0.7809218677911052,0.3148148148148148,54.0,17.0,12.88,0.5484753713838937,2558,1.1585363960737074,04:00
momentum_50,0.03,14.198980538481072,0.4744587731493013,0.7050820999175731,0.33858267716535434,127.0,43.0,3.59,0.48944487881157156,2558,0.9817865613916362,04:00
momentum_50,0.05,13.856220033837987,0.4696676386101484,0.8132702590239704,0.3333333333333333,96.0,32.0,4.73,0.5140734949179047,2558,0.963644929937391,04:00
momentum_50,0.1,41.0322511554469,0.7047800756871365,0.6120075463360304,0.323943661971831,71.0,23.0,8.92,0.5347928068803753,2558,1.256509528026183,04:00
momentum_50,0.2,16.627206223817286,0.505973828703578,0.8449985222968602,0.3333333333333333,57.0,19.0,7.22,0.5453479280688037,2558,1.0125669209016437,04:00
momentum_5,,15.848204340557,0.4859041902715502,0.6846710687734291,0.3235294117647059,204.0,66.0,3.62,0.5282366500192086,2603,0.9908410127213362,05:00
momentum_5,0.03,11.546510087493962,0.4257322856775958,0.6927573329316179,0.3392857142857143,224.0,76.0,3.03,0.4978870533999232,2603,0.9326414958347244,05:00
momentum_5,0.05,22.65664659804798,0.5583305668668759,0.6394352870380925,0.35096153846153844,208.0,73.0,3.28,0.5190165194006915,2603,1.107221292841688,05:00
momentum_5,0.1,16.068008751595745,0.4886073353909586,0.7081108691372435,0.32524271844660196,206.0,67.0,3.46,0.5259316173645794,2603,1.002440489968426,05:00
momentum_5,0.2,12.220154922902616,0.4362265472116573,0.7500731656005293,0.3235294117647059,204.0,66.0,3.41,0.5278524779101037,2603,0.9340623484243795,05:00
momentum_10,,43.97445801656687,0.7069846890132516,0.5982919194377139,0.3358208955223881,134.0,45.0,4.67,0.535796766743649,2598,1.262577686602032,05:00
momentum_10,0.03,31.47503627561216,0.6306534388001486,0.5538597088190658,0.4011627906976744,172.0,69.0,3.13,0.49191685912240185,2598,1.222055107999563,05:00
momentum_10,0.05,58.00978862307409,0.7733802969725023,0.567901777401955,0.39864864864864863,148.0,59.0,3.59,0.5161662817551963,2598,1.3886228611224907,05:00
momentum_10,0.1,42.634539519487575,0.6997465885407863,0.6256033995102657,0.35251798561151076,139.0,49.0,4.1,0.5304080061585835,2598,1.2690271340739792,05:00
momentum_10,0.2,34.2897727576431,0.6498077775683242,0.6440632606604781,0.3333333333333333,135.0,45.0,4.31,0.5354118552732872,2598,1.2109155359286505,05:00
momentum_20,,43.58084977611887,0.7083959820713286,0.6818566430670222,0.2840909090909091,88.0,25.0,5.09,0.5502318392581144,2588,1.2668522118215446,05:00
momentum_20,0.03,31.753709360048944,0.6357073107428897,0.6713030833760549,0.3103448275862069,145.0,45.0,4.07,0.49613601236476046,2588,1.2383552581148398,05:00
momentum_20,0.05,54.33108428154915,0.7612484128905035,0.6840353782786434,0.33035714285714285,112.0,37.0,4.64,0.5235703245749613,2588,1.384633517929494,05:00
momentum_20,0.1,38.1558690085879,0.6774167680996162,0.6807187691332741,0.30851063829787234,94.0,29.0,4.73,0.5432766615146831,2588,1.2489655528972456,05:00
momentum_20,0.2,27.813895291752477,0.6064076557606697,0.681856643067022,0.29213483146067415,89.0,26.0,4.48,0.5486862442040186,2588,1.163633412071649,05:00
momentum_50,,35.25922119770916,0.6692170031571514,0.7405601577387985,0.2982456140350877,57.0,17.0,13.23,0.5488663017982799,2558,1.1998893976616098,05:00
momentum_50,0.03,31.014165058897753,0.6398218743605877,0.6166988629647598,0.2857142857142857,126.0,36.0,3.64,0.48944487881157156,2558,1.2347223548355009,05:00
momentum_50,0.05,38.57099903601189,0.6901649425056806,0.6327018297375498,0.34831460674157305,89.0,31.0,4.4,0.517982799061767,2558,1.2796157194577895,05:00
momentum_50,0.1,28.88070000513791,0.623764043822747,0.6527210161409679,0.3380281690140845,71.0,24.0,6.55,0.5351837372947615,2558,1.173800388766743,05:00
momentum_50,0.2,16.355590606277648,0.5026405807981615,0.7940746489309527,0.31746031746031744,63.0,20.0,7.89,0.5449569976544175,2558,1.0151867069641776,05:00
momentum_5,,16.186765946043113,0.49005537534324084,0.72300157336723,0.30049261083743845,203.0,61.0,4.53,0.5282366500192086,2603,1.0002165580423172,06:00
momentum_5,0.03,8.830598271413033,0.37778787769649136,0.7512454145456395,0.32727272727272727,220.0,72.0,3.57,0.4967345370726085,2603,0.8571426100432163,06:00
momentum_5,0.05,13.796331981259366,0.4590907454934039,0.739062992320213,0.3269230769230769,208.0,68.0,4.01,0.5178640030733769,2603,0.9687574326759488,06:00
momentum_5,0.1,24.21786441442958,0.5723582045326718,0.6329394429637905,0.3088235294117647,204.0,63.0,4.71,0.5251632731463696,2603,1.1214018031175628,06:00
momentum_5,0.2,12.946238364910293,0.4470348792373575,0.770448496817872,0.30049261083743845,203.0,61.0,4.31,0.5278524779101037,2603,0.9495554140858551,06:00
momentum_10,,24.596846979559984,0.5770298031626471,0.5925370039756268,0.3283582089552239,134.0,44.0,4.08,0.5384911470361817,2598,1.1133052842337117,06:00
momentum_10,0.03,11.865024470946617,0.43173973528023923,0.584869852516124,0.3651685393258427,178.0,65.0,2.61,0.4953810623556582,2598,0.9423950485729549,06:00
momentum_10,0.05,26.470282641152053,0.5927578221273151,0.5647842799320261,0.3708609271523179,151.0,56.0,3.3,0.5184757505773672,2598,1.1577036390580728,06:00
momentum_10,0.1,32.023049300962256,0.6344916459537853,0.5987116044275362,0.32142857142857145,140.0,45.0,4.3,0.5342571208622017,2598,1.2029341672137297,06:00
momentum_10,0.2,19.770616792466647,0.5314118553163454,0.6381055452514558,0.32592592592592595,135.0,44.0,3.74,0.5381062355658198,2598,1.0639974023118477,06:00
momentum_20,,41.53929916788718,0.697138704497998,0.6577060359494094,0.3333333333333333,90.0,30.0,4.08,0.544435857805255,2588,1.2551244401218502,06:00
momentum_20,0.03,12.036618327997777,0.4364082827396816,0.6885499337710039,0.34265734265734266,143.0,49.0,2.83,0.49227202472952086,2588,0.9523581117499537,06:00
momentum_20,0.05,29.200820470775202,0.617093961158026,0.6554417865771134,0.3620689655172414,116.0,42.0,3.48,0.517387944358578,2588,1.1909794834591936,06:00
momentum_20,0.1,45.3397620131318,0.7177450595751991,0.6568444320456626,0.35714285714285715,98.0,35.0,4.43,0.5363214837712519,2588,1.3091878748244552,06:00
momentum_20,0.2,27.649588813667894,0.6051125562350594,0.6577060359494092,0.34444444444444444,90.0,31.0,3.88,0.5432766615146831,2588,1.1604849740969303,06:00
momentum_50,,31.878074758751758,0.6460641874483324,0.7646984109620107,0.2727272727272727,55.0,15.0,13.29,0.5445660672400313,2558,1.1793323238423563,06:00
momentum_50,0.03,11.625610480476492,0.4359432084909174,0.6924234231510525,0.3387096774193548,124.0,42.0,3.81,0.4839718530101642,2558,0.95109371360407,06:00
momentum_50,0.05,17.145063685625512,0.5122087545923253,0.7343180710895436,0.28888888888888886,90.0,26.0,3.9,0.5129007036747459,2558,1.04514988540294,06:00
momentum_50,0.1,45.97100448709187,0.7320193289559478,0.5974643232637036,0.3188405797101449,69.0,22.0,9.3,0.5320562939796716,2558,1.3194237594882066,06:00
momentum_50,0.2,15.823928835510298,0.4959845044856337,0.8116923960306963,0.27586206896551724,58.0,16.0,8.48,0.5418295543393276,2558,1.009936395259341,06:00
momentum_5,,17.383967101147373,0.5041918626464432,0.6278996954415139,0.32682926829268294,205.0,67.0,3.77,0.5324625432193623,2603,1.0276789495855858,07:00
momentum_5,0.03,12.413586182599397,0.43915485098566753,0.6004568142726482,0.34513274336283184,226.0,78.0,2.83,0.4990395697272378,2603,0.9563678824120072,07:00
momentum_5,0.05,16.86071316860589,0.4981137128628388,0.6369132807677926,0.3222748815165877,211.0,68.0,3.31,0.5228582404917403,2603,1.025820668176954,07:00
momentum_5,0.1,19.150133070625607,0.5236651265008667,0.6331623999536583,0.3188405797101449,207.0,66.0,3.69,0.5309258547829427,2603,1.0564276087231985,07:00
momentum_5,0.2,14.488310117454091,0.46847217395097385,0.6849051807264708,0.32682926829268294,205.0,67.0,3.62,0.5320783711102574,2603,0.9842416652892739,07:00
momentum_10,,19.799545425475873,0.531711332984034,0.5922024006929466,0.30714285714285716,140.0,43.0,4.92,0.5415704387990762,2598,1.0498573167759209,07:00
momentum_10,0.03,12.112687817955573,0.4355803755603005,0.5320778013636609,0.3240223463687151,179.0,58.0,3.15,0.4980754426481909,2598,0.9438453386524043,07:00
momentum_10,0.05,19.802485974325513,0.5317417543572074,0.5808090425650494,0.3137254901960784,153.0,48.0,3.89,0.5211701308698999,2598,1.0655764074367493,07:00
momentum_10,0.1,28.376427859539426,0.6078410831145875,0.5920313271473723,0.3028169014084507,142.0,43.0,4.63,0.5369515011547344,2598,1.1602188267514963,07:00
momentum_10,0.2,15.114845225050669,0.47776863176472717,0.6489674821679238,0.2978723404255319,141.0,42.0,4.4,0.5408006158583526,2598,0.984951357263369,07:00
momentum_20,,51.4357018634118,0.747948164813125,0.6551903143169319,0.3111111111111111,90.0,28.0,4.73,0.5459814528593508,2588,1.3111798486203141,07:00
momentum_20,0.03,18.820350487951156,0.5238380306605201,0.633286175468552,0.352112676056338,142.0,50.0,2.66,0.4953632148377125,2588,1.0742658008629942,07:00
momentum_20,0.05,28.72603568215382,0.6134840788977973,0.649089270939049,0.358974358974359,117.0,42.0,4.48,0.517774343122102,2588,1.179255716305204,07:00
momentum_20,0.1,45.90261949436502,0.7206724284798933,0.660867569326402,0.3541666666666667,96.0,34.0,4.0,0.5390262751159196,2588,1.290962737654833,07:00
momentum_20,0.2,32.542118687572064,0.641203717492935,0.655190314316932,0.30434782608695654,92.0,28.0,4.63,0.544435857805255,2588,1.2001594771756898,07:00
momentum_50,,29.10653036489828,0.6255094805962689,0.7739206212548404,0.32142857142857145,56.0,18.0,10.12,0.544175136825645,2558,1.1471698228283822,07:00
momentum_50,0.03,10.189792530040378,0.4114191248467689,0.710311945069835,0.392,125.0,49.0,3.09,0.4827990617670055,2558,0.9071293627740027,07:00
momentum_50,0.05,14.933516129608517,0.48442194542850037,0.7193059067601235,0.34408602150537637,93.0,32.0,3.57,0.5117279124315872,2558,0.9951296700260602,07:00
momentum_50,0.1,38.7668202946585,0.6913558686549057,0.6226254927991889,0.34782608695652173,69.0,24.0,7.36,0.5320562939796716,2558,1.2513919979737391,07:00
momentum_50,0.2,14.324294087613076,0.47618731039429907,0.8186132821079795,0.3050847457627119,59.0,18.0,8.8,0.5410476935105551,2558,0.9734147662513566,07:00
momentum_5,,16.57816058532484,0.4947676308003115,0.6255404161812447,0.3058252427184466,206.0,63.0,3.76,0.5359200922013062,2603,1.0062757900811872,08:00
momentum_5,0.03,14.188347863268335,0.4644506425458277,0.6411406222520144,0.35555555555555557,225.0,80.0,2.99,0.5040338071456012,2603,0.9880336834261463,08:00
momentum_5,0.05,13.60356818507198,0.4564102344306409,0.6117113826576803,0.323943661971831,213.0,69.0,3.29,0.5247791010372647,2603,0.970539300997301,08:00
momentum_5,0.1,17.307593797467305,0.5033140512982788,0.6310336568338109,0.3173076923076923,208.0,66.0,3.44,0.5339992316557818,2603,1.025433657832107,08:00
momentum_5,0.2,13.055734742896396,0.4486226184737767,0.6992019894740767,0.3058252427184466,206.0,63.0,3.57,0.5355359200922013,2603,0.9526780774884553,08:00
momentum_10,,29.574477045569846,0.616895982183588,0.6154834985453539,0.3409090909090909,132.0,45.0,5.15,0.5408006158583526,2598,1.1571366596177841,08:00
momentum_10,0.03,24.47562557084176,0.5759783932677869,0.5950389814404954,0.3588235294117647,170.0,61.0,3.23,0.49923017705927636,2598,1.1414239042611471,08:00
momentum_10,0.05,26.39526412094509,0.5921460085820403,0.5998575417595173,0.36,150.0,54.0,3.7,0.5200153964588144,2598,1.1523660031482617,08:00
momentum_10,0.1,38.81000955544052,0.6779816776822032,0.6241026193082753,0.35555555555555557,135.0,48.0,4.67,0.5361816782140107,2598,1.2499661004678464,08:00
momentum_10,0.2,24.18107777867834,0.5734056113098127,0.6398965599046202,0.3358208955223881,134.0,45.0,4.48,0.5400307929176289,2598,1.1147326935790198,08:00
momentum_20,,78.77211739113854,0.8545075945488616,0.6589780439844827,0.3764705882352941,85.0,32.0,6.07,0.5459814528593508,2588,1.4286672383982506,08:00
momentum_20,0.03,42.91165953300489,0.7047556970801725,0.6207647279843022,0.36764705882352944,136.0,50.0,3.18,0.49690880989180836,2588,1.3161362293006789,08:00
momentum_20,0.05,39.52969654676947,0.6855948545666821,0.6435895012023558,0.3893805309734513,113.0,44.0,3.95,0.51854714064915,2588,1.2777519713046321,08:00
momentum_20,0.1,86.72147062083627,0.8795202419169486,0.632853724460369,0.4,90.0,36.0,4.53,0.5378670788253478,2588,1.4806336441702206,08:00
momentum_20,0.2,47.81370847449249,0.7303916855969019,0.6589780439844827,0.38372093023255816,86.0,33.0,5.31,0.544435857805255,2588,1.3123943602550994,08:00
momentum_50,,29.935975397706677,0.6318253941554106,0.7594847459283176,0.3103448275862069,58.0,18.0,10.45,0.5437842064112588,2558,1.1509782359880207,08:00
momentum_50,0.03,22.831609254930097,0.5721915767930723,0.6999778444025445,0.3821138211382114,123.0,47.0,3.01,0.4870992963252541,2558,1.1273689685728094,08:00
momentum_50,0.05,18.262148455457478,0.5251550779201826,0.6966814530430838,0.3763440860215054,93.0,35.0,3.7,0.5105551211884285,2558,1.054107317022261,08:00
momentum_50,0.1,36.6288402935594,0.6780714151234752,0.7084499097452251,0.3333333333333333,69.0,23.0,5.91,0.5316653635652854,2558,1.2256327172438661,08:00
momentum_50,0.2,17.738837859844228,0.5191726801282037,0.7821758706094809,0.3387096774193548,62.0,21.0,7.31,0.5410476935105551,2558,1.0279320765644648,08:00
momentum_5,,30.71411749085271,0.6240177822619275,0.5756104475352535,0.3383084577114428,201.0,68.0,3.75,0.5357417371252883,2602,1.1966247060749766,09:00
momentum_5,0.03,22.338251916138738,0.5556364974459578,0.5647447341500033,0.3472222222222222,216.0,75.0,3.18,0.5069177555726364,2602,1.1348462419052254,09:00
momentum_5,0.05,33.92328929630656,0.6461261555934665,0.589111065543613,0.3269230769230769,208.0,68.0,3.36,0.5245964642582629,2602,1.2438067593364057,09:00
momentum_5,0.1,34.37635759646735,0.6491052750757196,0.5756104475352537,0.3383084577114428,201.0,68.0,3.71,0.5342044581091469,2602,1.2403217359571224,09:00
momentum_5,0.2,24.15908421117453,0.5721169951556369,0.5756104475352536,0.3383084577114428,201.0,68.0,3.51,0.5353574173712529,2602,1.1437499808076486,09:00
momentum_10,,48.31717029792321,0.7295990837866855,0.5691197446970822,0.36220472440944884,127.0,46.0,4.91,0.542549095109742,2597,1.3211838420089217,09:00
momentum_10,0.03,35.015050493626404,0.6548507291741599,0.5404251091718014,0.38181818181818183,165.0,63.0,3.33,0.5063534847901425,2597,1.2614676099900037,09:00
momentum_10,0.05,76.60729910960397,0.8434006216866137,0.558650678571203,0.3916083916083916,143.0,56.0,4.17,0.522911051212938,2597,1.475826168626187,09:00
momentum_10,0.1,60.114019779652324,0.7825279718923812,0.5786527575064487,0.37209302325581395,129.0,48.0,4.75,0.5390835579514824,2597,1.3993815114035646,09:00
momentum_10,0.2,38.27733313047169,0.6751416290496535,0.569119744697082,0.36220472440944884,127.0,46.0,4.62,0.5417789757412399,2597,1.2720310722972867,09:00
momentum_20,,96.26638231436661,0.9075757678105989,0.6164362844397568,0.35714285714285715,84.0,30.0,5.78,0.5458059528411288,2587,1.5260053036611188,09:00
momentum_20,0.03,66.8388434661623,0.813023414156745,0.5458746380035447,0.3684210526315789,133.0,49.0,3.22,0.5005798221878623,2587,1.477303752144348,09:00
momentum_20,0.05,137.00855428302182,1.004100420068811,0.5975054183866914,0.3888888888888889,108.0,42.0,4.19,0.5206803247004252,2587,1.6659631867268,09:00
momentum_20,0.1,110.11967746391808,0.9437516842989819,0.622689688188068,0.3595505617977528,89.0,32.0,3.94,0.5392346347120216,2587,1.5853565939480923,09:00
momentum_20,0.2,81.07371589976468,0.8624095150245821,0.6164362844397568,0.36046511627906974,86.0,31.0,5.08,0.5450328565906455,2587,1.4990653578193267,09:00
momentum_50,,34.37742621418674,0.6636943936857822,0.751382660551296,0.32727272727272727,55.0,18.0,10.77,0.5455612045365663,2557,1.2086428564179152,09:00
momentum_50,0.03,24.854410163307016,0.590863171857078,0.6572730127766607,0.3826086956521739,115.0,44.0,3.94,0.4912006257332812,2557,1.1645431514821265,09:00
momentum_50,0.05,61.41853276677205,0.8041504883003394,0.6343693593069607,0.45348837209302323,86.0,39.0,4.3,0.5150567070786077,2557,1.4078455140701052,09:00
momentum_50,0.1,42.9555595899799,0.7160608039545959,0.7167371784513135,0.375,64.0,24.0,6.94,0.5342197888150176,2557,1.2876614150791486,09:00
momentum_50,0.2,40.91580175478819,0.7044606233645778,0.6841395542189164,0.3392857142857143,56.0,19.0,8.38,0.543214704732108,2557,1.2852324533422488,09:00
momentum_5,,41.00003285698029,0.6892896374365785,0.6482874748084564,0.33980582524271846,206.0,70.0,4.0,0.5334358186010761,2602,1.2755244818151106,10:00
momentum_5,0.03,24.46822101414546,0.5748125227334666,0.618673245623984,0.3656387665198238,227.0,83.0,3.47,0.5019215987701768,2602,1.157800910056338,10:00
momentum_5,0.05,40.88978583311947,0.6886669107252708,0.6462675728435691,0.352112676056338,213.0,75.0,3.46,0.5234435049961568,2602,1.2873258895336666,10:00
momentum_5,0.1,51.57747605430038,0.743364208729745,0.6482874748084565,0.33816425120772947,207.0,70.0,3.86,0.531129900076864,2602,1.3469233599330657,10:00
momentum_5,0.2,33.08033896281953,0.6404938487576084,0.6482874748084566,0.33980582524271846,206.0,70.0,3.77,0.5330514988470407,2602,1.2273956391580767,10:00
momentum_10,,52.92392601557285,0.7514442677516184,0.5540511128597895,0.3308270676691729,133.0,44.0,5.94,0.5417789757412399,2597,1.3621617112914586,10:00
momentum_10,0.03,39.09314605796766,0.6799886721270092,0.5315814416623266,0.3372093023255814,172.0,58.0,3.92,0.5009626492106276,2597,1.3109675002252956,10:00
momentum_10,0.05,68.58075466969716,0.8153314170244368,0.5487655627220359,0.36551724137931035,145.0,53.0,4.57,0.522525991528687,2597,1.4555436341907204,10:00
momentum_10,0.1,68.88508905920044,0.8164452598127072,0.47465018405527304,0.3235294117647059,136.0,44.0,5.88,0.5363881401617251,2597,1.453725802751726,10:00
momentum_10,0.2,43.13691458786579,0.7028313159619235,0.5540511128597889,0.3283582089552239,134.0,44.0,5.73,0.5410088563727378,2597,1.3175537956852976,10:00
momentum_20,,125.57769007962881,0.9798017814380944,0.5632602107920764,0.39080459770114945,87.0,34.0,7.04,0.5396211828372632,2587,1.6197812804970884,10:00
momentum_20,0.03,65.06805405198472,0.8062702230820264,0.5245759283261183,0.41304347826086957,138.0,57.0,3.39,0.49130266718206417,2587,1.4745706923110076,10:00
momentum_20,0.05,114.191457825811,0.9536462227132261,0.518383043159093,0.41964285714285715,112.0,47.0,4.49,0.5144955546965597,2587,1.6260775734911914,10:00
momentum_20,0.1,142.84284955575677,1.015842508094766,0.5704570003267599,0.39361702127659576,94.0,37.0,5.38,0.532276768457673,2587,1.6785101199600267,10:00
momentum_20,0.2,107.06539199416419,0.936123162984897,0.5632602107920763,0.38202247191011235,89.0,34.0,6.66,0.5388480865867801,2587,1.5927770558939454,10:00
momentum_50,,35.14296998084446,0.6687863673546701,0.7219855376510544,0.35294117647058826,51.0,18.0,10.31,0.5459522878373093,2557,1.2144349992751056,10:00
momentum_50,0.03,29.414679153495126,0.6281833801389789,0.6350205256530436,0.42105263157894735,114.0,48.0,3.23,0.490027375831052,2557,1.2116343703739025,10:00
momentum_50,0.05,46.10180000941212,0.7330792228719343,0.6580947686510595,0.40229885057471265,87.0,35.0,3.32,0.5146656237778647,2557,1.3208974696169347,10:00
momentum_50,0.1,48.27102055196078,0.7442537568226093,0.6617706526286371,0.3870967741935484,62.0,24.0,5.94,0.5338287055142745,2557,1.3222937525646385,10:00
momentum_50,0.2,34.52233266199103,0.6646654310744284,0.6696021697899959,0.3584905660377358,53.0,19.0,6.92,0.5439968713335941,2557,1.2265022753857766,10:00
momentum_5,,51.34753911289051,0.7422926879459766,0.6349916842959331,0.325,200.0,65.0,4.73,0.5407378939277478,2602,1.3440190538515413,11:00
momentum_5,0.03,41.89268437895295,0.6942806421597172,0.5937053542986976,0.3378995433789954,219.0,74.0,3.41,0.5088393543428132,2602,1.3211579103601947,11:00
momentum_5,0.05,50.302514330776845,0.7373712234422958,0.6304440410996061,0.33495145631067963,206.0,69.0,3.46,0.53228285933897,2602,1.3577414517627924,11:00
momentum_5,0.1,51.187886339114584,0.7415463131643356,0.634991684295933,0.32019704433497537,203.0,65.0,4.12,0.5380476556495004,2602,1.3463890976144472,11:00
momentum_5,0.2,51.34753911289051,0.7422926879459766,0.6349916842959331,0.325,200.0,65.0,4.73,0.5407378939277478,2602,1.3440190538515413,11:00
momentum_10,,53.80323825399908,0.7554304348677399,0.5734740060793904,0.3333333333333333,129.0,43.0,5.1,0.54909510974201,2597,1.3669891157766545,11:00
momentum_10,0.03,40.1676869005717,0.6862451753122583,0.619195709255801,0.3515151515151515,165.0,58.0,3.72,0.5090489025798999,2597,1.3222625979235094,11:00
momentum_10,0.05,56.44130509539003,0.7670682301817795,0.568103909673928,0.35664335664335667,143.0,51.0,4.39,0.529072006160955,2597,1.4046396555509206,11:00
momentum_10,0.1,62.49961436010091,0.7921472081730807,0.5780182018866876,0.3582089552238806,134.0,48.0,4.54,0.5417789757412399,2597,1.4220342991486712,11:00
momentum_10,0.2,53.122488556618734,0.7523492641750025,0.57347400607939,0.3333333333333333,129.0,43.0,5.12,0.548710050057759,2597,1.3632928765594532,11:00
momentum_20,,119.39115730150071,0.9658538497311075,0.5974863450016427,0.35714285714285715,84.0,30.0,5.93,0.5415539234634712,2587,1.6269175808440188,11:00
momentum_20,0.03,57.533938604799324,0.7756757974065773,0.5965814667419588,0.37777777777777777,135.0,51.0,2.99,0.49284885968303055,2587,1.4665981911973525,11:00
momentum_20,0.05,86.94746330349727,0.880661333900187,0.5606564836144462,0.3853211009174312,109.0,42.0,4.02,0.5156551990722845,2587,1.5752097281810462,11:00
momentum_20,0.1,131.06942407238233,0.9917009641927004,0.5838884161836411,0.3626373626373626,91.0,33.0,4.2,0.5334364128333977,2587,1.666336265750179,11:00
momentum_20,0.2,124.84348485210599,0.9781774941688641,0.5974863450016431,0.36904761904761907,84.0,31.0,5.65,0.5411673753382296,2587,1.6411225101808211,11:00
momentum_50,,25.20489545889645,0.5939238692446165,0.7690913010982738,0.35185185185185186,54.0,19.0,10.51,0.5428236214313649,2557,1.1304431857353212,11:00
momentum_50,0.03,23.687303151847523,0.5804079832805618,0.6106849318588248,0.37719298245614036,114.0,43.0,3.49,0.4888541259288228,2557,1.1684444426265552,11:00
momentum_50,0.05,27.96443577265136,0.6168678350633559,0.6655465138414215,0.4157303370786517,89.0,37.0,3.29,0.5123191239734063,2557,1.1960300458823987,11:00
momentum_50,0.1,31.38499512872191,0.6428376307546422,0.6801688852986946,0.391304347826087,69.0,27.0,4.11,0.5295267892061009,2557,1.211260091992083,11:00
momentum_50,0.2,37.91933297636886,0.686509539387433,0.6934670756285308,0.375,56.0,21.0,8.13,0.5404771216269065,2557,1.2588552970974933,11:00
momentum_5,,70.41357793964883,0.8198779835929375,0.6390527220071582,0.32124352331606215,193.0,62.0,5.27,0.5353574173712529,2602,1.4523073637459525,12:00
momentum_5,0.03,65.86768544157239,0.8031644508052778,0.6340912821499085,0.3412322274881517,211.0,72.0,4.12,0.5046118370484243,2602,1.4791657756686007,12:00
momentum_5,0.05,65.61781368070675,0.8022177331737197,0.6463648369993757,0.3383838383838384,198.0,67.0,4.1,0.5249807840122982,2602,1.4607095235591347,12:00
momentum_5,0.1,46.75415182803285,0.7199909371756774,0.6390527220071581,0.32142857142857145,196.0,63.0,4.3,0.5338201383551114,2602,1.3505748448058752,12:00
momentum_5,0.2,70.41357793964883,0.8198779835929375,0.6390527220071582,0.32124352331606215,193.0,62.0,5.27,0.5353574173712529,2602,1.4523073637459525,12:00
momentum_10,,40.63051449333717,0.6888968224931951,0.5984230206279951,0.3543307086614173,127.0,45.0,4.34,0.5413939160569888,2597,1.294725449440218,12:00
momentum_10,0.03,26.460690907548663,0.5929651324357677,0.6555205041959132,0.3515151515151515,165.0,58.0,3.5,0.5025028879476319,2597,1.2020293514455689,12:00
momentum_10,0.05,41.25570696464455,0.6924387541579768,0.6297997633836989,0.375,144.0,54.0,3.45,0.5206006931074316,2597,1.332440303933528,12:00
momentum_10,0.1,36.270113613408625,0.6628370648069586,0.6017685628931561,0.3787878787878788,132.0,50.0,3.61,0.535618020793223,2597,1.2859511384023334,12:00
momentum_10,0.2,38.49569218256808,0.6764473983099033,0.5984230206279954,0.3543307086614173,127.0,45.0,4.33,0.5410088563727378,2597,1.279657183311619,12:00
momentum_20,,113.39860351366069,0.9517433803919972,0.6256901893559786,0.367816091954023,87.0,32.0,5.6,0.5403942790877464,2587,1.614056240893024,12:00
momentum_20,0.03,58.77793877607552,0.7809522576088221,0.6404854371612078,0.362962962962963,135.0,49.0,3.42,0.49439505218399693,2587,1.4720436047204715,12:00
momentum_20,0.05,107.11451086096639,0.9362473014477879,0.6363227925278341,0.43119266055045874,109.0,47.0,3.68,0.5152686509470429,2587,1.6503103574447242,12:00
momentum_20,0.1,83.77024713612595,0.870923348921598,0.6254677733875473,0.3655913978494624,93.0,34.0,4.28,0.5326633165829145,2587,1.5463655344797267,12:00
momentum_20,0.2,116.12202908924064,0.9582329517078174,0.6256901893559781,0.367816091954023,87.0,32.0,5.62,0.5400077309625049,2587,1.6213687822131562,12:00
momentum_50,,27.74655362707753,0.6151260369738754,0.7628115289353351,0.33962264150943394,53.0,18.0,10.05,0.5459522878373093,2557,1.161606515814176,12:00
momentum_50,0.03,19.794097954425457,0.5421616213860672,0.6446407482740798,0.3482142857142857,112.0,39.0,3.02,0.49432929213922566,2557,1.111116042917366,12:00
momentum_50,0.05,32.925492142190684,0.6537717757208512,0.648270729699149,0.35714285714285715,84.0,30.0,4.01,0.5158388736800938,2557,1.2524208625053326,12:00
momentum_50,0.1,33.06073161274228,0.654711226753139,0.598878309764036,0.38461538461538464,65.0,25.0,4.25,0.5342197888150176,2557,1.2437603783288598,12:00
momentum_50,0.2,32.95040887744429,0.6539451026389438,0.7054759727749065,0.36363636363636365,55.0,20.0,7.33,0.5439968713335941,2557,1.22113986300772,12:00
momentum_5,,45.863542666193176,0.715454697178932,0.6567326074304732,0.36180904522613067,199.0,72.0,4.34,0.5392006149116064,2602,1.3272789996197667,13:00
momentum_5,0.03,47.44575673714628,0.7234636644427894,0.6385116638473682,0.37037037037037035,216.0,80.0,3.36,0.51076095311299,2602,1.3786825936057414,13:00
momentum_5,0.05,66.34762562000986,0.8049743553473894,0.6579834564491459,0.36097560975609755,205.0,74.0,3.93,0.5295926210607225,2602,1.455991851251388,13:00
momentum_5,0.1,47.12237503709074,0.7218452231946937,0.6516912204452594,0.365,200.0,73.0,3.87,0.537663335895465,2602,1.3397050233084835,13:00
momentum_5,0.2,45.863542666193176,0.715454697178932,0.6567326074304732,0.36180904522613067,199.0,72.0,4.34,0.5392006149116064,2602,1.3272789996197667,13:00
momentum_10,,59.040003477076645,0.7780915721515318,0.5254161262867104,0.34108527131782945,129.0,44.0,4.61,0.542164035425491,2597,1.4108208175864698,13:00
momentum_10,0.03,35.05910891605493,0.6551351074782299,0.5581025392390632,0.3742690058479532,171.0,64.0,3.08,0.5021178282633808,2597,1.3035912264150606,13:00
momentum_10,0.05,105.30782657776197,0.9267582555087357,0.49388631177756287,0.3918918918918919,148.0,58.0,3.89,0.5213708124759338,2597,1.6139799158635126,13:00
momentum_10,0.1,58.87825195653047,0.7774175315800458,0.5290883604794113,0.35294117647058826,136.0,48.0,3.85,0.5367731998459762,2597,1.4196546383380921,13:00
momentum_10,0.2,56.88173772966657,0.7689662593188904,0.52541612628671,0.34108527131782945,129.0,44.0,4.67,0.5417789757412399,2597,1.400127948383325,13:00
momentum_20,,78.19900289710681,0.8530642996660451,0.6481165144247658,0.3218390804597701,87.0,28.0,8.82,0.5396211828372632,2587,1.498653162331803,13:00
momentum_20,0.03,39.400199769848804,0.6851740210902115,0.6391394661585096,0.35251798561151076,139.0,49.0,3.13,0.49168921530730575,2587,1.3562070894581688,13:00
momentum_20,0.05,100.6461655589175,0.9194667838900981,0.6394602732015062,0.38596491228070173,114.0,44.0,4.54,0.5129493621955934,2587,1.6122011763082604,13:00
momentum_20,0.1,84.923593480246,0.8744939803410967,0.6432255270580827,0.3404255319148936,94.0,32.0,6.84,0.5311171240819482,2587,1.5350684164663482,13:00
momentum_20,0.2,59.55484467424295,0.7841998751085186,0.6481165144247655,0.32954545454545453,88.0,29.0,8.37,0.5380749903362969,2587,1.426193153936268,13:00
momentum_50,,29.821946958955547,0.6312778271590935,0.762750212381268,0.35294117647058826,51.0,18.0,10.37,0.5471255377395385,2557,1.1741526599180172,13:00
momentum_50,0.03,33.911946352558914,0.6605519118173038,0.6448877979764126,0.3963963963963964,111.0,44.0,3.12,0.4951114587407118,2557,1.2705644376052783,13:00
momentum_50,0.05,49.80985324122494,0.7519279013225011,0.6752159141694613,0.46511627906976744,86.0,40.0,4.29,0.5154477903793508,2557,1.3519789398064197,13:00
momentum_50,0.1,43.674241365697505,0.72003815553711,0.6587438881628096,0.43548387096774194,62.0,27.0,6.84,0.5346108721157606,2557,1.299213031684944,13:00
momentum_50,0.2,25.474311255846615,0.5962528420436068,0.7075171087362132,0.37037037037037035,54.0,20.0,7.67,0.5439968713335941,2557,1.1449964714751848,13:00
momentum_5,,66.75597091043912,0.8065055581423768,0.6523129364163411,0.37373737373737376,198.0,74.0,3.68,0.5292083013066872,2602,1.4384869826303883,14:00
momentum_5,0.03,65.10865805702346,0.8002791507549794,0.628985345387754,0.3767441860465116,215.0,81.0,3.27,0.5015372790161414,2602,1.4840933710183462,14:00
momentum_5,0.05,76.38562688602566,0.8404967475882179,0.6485036556429952,0.37438423645320196,203.0,76.0,3.46,0.5184473481936972,2602,1.5149171849727798,14:00
momentum_5,0.1,56.08077356878368,0.7635777774428945,0.650446995109095,0.3768844221105528,199.0,75.0,3.59,0.526902382782475,2602,1.4106133034365773,14:00
momentum_5,0.2,54.74419798274151,0.7577258725671541,0.6523129364163415,0.3768844221105528,199.0,75.0,3.63,0.5288239815526518,2602,1.394003374201152,14:00
momentum_10,,67.04015002555582,0.809627822796045,0.5148596441331404,0.37037037037037035,135.0,50.0,4.32,0.5394686176357335,2597,1.4358442254369725,14:00
momentum_10,0.03,51.37186714439824,0.7442699731078883,0.4839398561731633,0.38181818181818183,165.0,63.0,3.54,0.5009626492106276,2597,1.4140952763439125,14:00
momentum_10,0.05,90.9630156851179,0.8879023296017905,0.5074597140268499,0.3959731543624161,149.0,59.0,3.55,0.5194455140546784,2597,1.5651880217852647,14:00
momentum_10,0.1,59.16781146598014,0.7786230625158705,0.534339578605105,0.36428571428571427,140.0,51.0,3.63,0.5333076626877166,2597,1.4259105187648087,14:00
momentum_10,0.2,54.52300616889325,0.758652635859189,0.5148596441331406,0.3602941176470588,136.0,49.0,3.85,0.5383134385829803,2597,1.3888807530439526,14:00
momentum_20,,74.7388989991918,0.8414216267326726,0.6476011949848872,0.2826086956521739,92.0,26.0,7.31,0.5400077309625049,2587,1.461556702617209,14:00
momentum_20,0.03,33.449246336601746,0.6477100416062969,0.606067598570738,0.32857142857142857,140.0,46.0,3.38,0.4936219559335137,2587,1.2923999166218614,14:00
momentum_20,0.05,51.48633848646204,0.7485636355742868,0.6380049745584464,0.3644067796610169,118.0,43.0,4.63,0.5129493621955934,2587,1.4040431403298728,14:00
momentum_20,0.1,58.51340819589987,0.779838192707456,0.658404126914953,0.3333333333333333,99.0,33.0,5.33,0.5299574797062234,2587,1.4256445402282383,14:00
momentum_20,0.2,44.019983504731144,0.7111144816887955,0.6476011949848873,0.2736842105263158,95.0,26.0,5.55,0.5380749903362969,2587,1.3323134841855944,14:00
momentum_50,,26.890274820872406,0.6081692146310558,0.7591497013148529,0.32075471698113206,53.0,17.0,10.42,0.5479077043410246,2557,1.1446759304577376,14:00
momentum_50,0.03,24.60485024315189,0.5886620755371397,0.6725542610116274,0.3333333333333333,111.0,37.0,4.45,0.496675791943684,2557,1.1812550424217225,14:00
momentum_50,0.05,33.15789509555692,0.6553842081210812,0.6375691551617209,0.4157303370786517,89.0,37.0,4.33,0.5158388736800938,2557,1.2508829141495994,14:00
momentum_50,0.1,24.305006383895197,0.5859930244249898,0.6263751022597928,0.3787878787878788,66.0,25.0,4.99,0.5346108721157606,2557,1.148000619460443,14:00
momentum_50,0.2,18.209854450906697,0.5248150278743509,0.7025602383489693,0.3620689655172414,58.0,21.0,6.79,0.5439968713335941,2557,1.0610340579365096,14:00
momentum_5,,84.54491745641764,0.8665595391037844,0.5603861409132264,0.36548223350253806,197.0,72.0,4.28,0.5295926210607225,2602,1.5122631579628185,15:00
momentum_5,0.03,160.00248531383718,1.0397043135849682,0.5430068744005151,0.3864734299516908,207.0,80.0,3.79,0.5034588777863183,2602,1.7804849558661209,15:00
momentum_5,0.05,106.56247282395533,0.9275013469869022,0.5750967349733483,0.3781094527363184,201.0,76.0,4.09,0.5176787086856265,2602,1.6107428373384327,15:00
momentum_5,0.1,67.67371987857086,0.8099181654295291,0.5603861409132266,0.37373737373737376,198.0,74.0,3.67,0.528055342044581,2602,1.4538907546440671,15:00
momentum_5,0.2,84.54491745641764,0.8665595391037844,0.5603861409132264,0.36548223350253806,197.0,72.0,4.28,0.5295926210607225,2602,1.5122631579628185,15:00
momentum_10,,124.65028490308923,0.9725620679420777,0.4236888171170558,0.3821138211382114,123.0,47.0,5.06,0.5417789757412399,2597,1.6225712697235803,15:00
momentum_10,0.03,191.9206710723484,1.0950897745581205,0.376131942833158,0.38461538461538464,156.0,60.0,4.29,0.5040431266846361,2597,1.8433146364746291,15:00
momentum_10,0.05,152.63254507399165,1.0290987681271342,0.4331534208617758,0.3851851851851852,135.0,52.0,4.74,0.5221409318444359,2597,1.7231244801863304,15:00
momentum_10,0.1,98.98555626919205,0.9102260029478895,0.436857475331866,0.375,128.0,48.0,4.34,0.5363881401617251,2597,1.564753070036333,15:00
momentum_10,0.2,124.09106730608846,0.9713258329044323,0.42565751710354327,0.3790322580645161,124.0,47.0,5.0,0.5410088563727378,2597,1.621176074796188,15:00
momentum_20,,102.98170320575952,0.9256288561238535,0.5306487432221781,0.3218390804597701,87.0,28.0,7.93,0.5392346347120216,2587,1.5598515189731939,15:00
momentum_20,0.03,113.16394688143197,0.9511780346153582,0.5158723072579652,0.362962962962963,135.0,49.0,3.68,0.4967143409354465,2587,1.6697704938980682,15:00
momentum_20,0.05,75.00372856080064,0.8423287074143695,0.5765022426184125,0.38738738738738737,111.0,43.0,4.36,0.5144955546965597,2587,1.5138224773088313,15:00
momentum_20,0.1,58.25140715220809,0.7787305805521372,0.5606039270560199,0.3548387096774194,93.0,33.0,5.6,0.5307305759567066,2587,1.4145753640062808,15:00
momentum_20,0.2,81.6561589725503,0.8642686084256785,0.5306487432221784,0.3146067415730337,89.0,28.0,7.1,0.5380749903362969,2587,1.5047557711238972,15:00
momentum_50,,26.121776743308402,0.6017678689813861,0.746979082888819,0.34615384615384615,52.0,18.0,9.7,0.5475166210402815,2557,1.1318891501750428,15:00
momentum_50,0.03,54.57739373529888,0.7745007880650194,0.6411667249725943,0.37037037037037035,108.0,40.0,4.45,0.4982401251466562,2557,1.4172230945929971,15:00
momentum_50,0.05,39.77188486163117,0.6977416481037249,0.6505429169680695,0.40476190476190477,84.0,34.0,3.88,0.5177942901838092,2557,1.2944688664300654,15:00
momentum_50,0.1,17.87242609911198,0.5209626392578677,0.6312158081257202,0.359375,64.0,23.0,4.18,0.5342197888150176,2557,1.05085070305341,15:00
momentum_50,0.2,23.235230902221144,0.5762440873463912,0.6870676046902371,0.36363636363636365,55.0,20.0,6.86,0.5443879546343371,2557,1.1176229469139989,15:00
momentum_5,,114.30486518768211,0.9463870339998146,0.6033053944366336,0.3487179487179487,195.0,68.0,4.71,0.5276710222905457,2602,1.6229889862628173,16:00
momentum_5,0.03,198.51596505107094,1.1020028415034275,0.4825158297251144,0.37799043062200954,209.0,79.0,3.99,0.5030745580322828,2602,1.874855232492993,16:00
momentum_5,0.05,146.89475893401345,1.015551214237445,0.5793815123390874,0.35353535353535354,198.0,70.0,4.34,0.5172943889315911,2602,1.7511781178169774,16:00
momentum_5,0.1,95.25398174376471,0.8976995333337983,0.6033053944366333,0.34517766497461927,197.0,68.0,4.19,0.5257494235203689,2602,1.5815517732983904,16:00
momentum_5,0.2,110.4085705401877,0.9370240260915887,0.6033053944366328,0.3487179487179487,195.0,68.0,4.57,0.5272867025365103,2602,1.6128294947892392,16:00
momentum_10,,141.57522541194086,1.0079087293398774,0.40761613193612806,0.3416666666666667,120.0,41.0,6.13,0.5440893338467463,2597,1.6543065447218297,16:00
momentum_10,0.03,170.90181608097186,1.0613962532986996,0.3885837929579888,0.3836477987421384,159.0,61.0,4.51,0.5036580670003851,2597,1.8017348121561032,16:00
momentum_10,0.05,193.83946482416135,1.0980060215969223,0.37850150863715837,0.3805970149253731,134.0,51.0,4.5,0.5236811705814401,2597,1.8094611468573807,16:00
momentum_10,0.1,110.23795982053146,0.9390735484669623,0.4614044472908658,0.34146341463414637,123.0,42.0,5.03,0.5394686176357335,2597,1.5984150223597324,16:00
momentum_10,0.2,128.33876277504118,0.9805995651917989,0.4076161319361279,0.33884297520661155,121.0,41.0,5.93,0.5429341547939931,2597,1.6263741595739172,16:00
momentum_20,,114.60612148605831,0.9546369352125357,0.51107324283658,0.34146341463414637,82.0,28.0,7.99,0.5373018940858136,2587,1.5993179096174477,16:00
momentum_20,0.03,117.28017717878616,0.9609534556309172,0.490090778733344,0.38405797101449274,138.0,53.0,3.19,0.4897564746810978,2587,1.7004651848341557,16:00
momentum_20,0.05,91.96877415738162,0.8954520895008433,0.53592182956876,0.3853211009174312,109.0,42.0,3.34,0.511403169694627,2587,1.5966914397837537,16:00
momentum_20,0.1,79.37392646186338,0.856918430136387,0.5401785833095405,0.3793103448275862,87.0,33.0,5.41,0.5284112872052571,2587,1.5177430843074429,16:00
momentum_20,0.2,93.66755997401377,0.9003008159811106,0.51107324283658,0.3493975903614458,83.0,29.0,6.86,0.5357557015848473,2587,1.5442257415257992,16:00
momentum_50,,21.00541941803485,0.55467615787375,0.7376515627679858,0.3269230769230769,52.0,17.0,11.17,0.5467344544387954,2557,1.080455100560279,16:00
momentum_50,0.03,54.65450268320256,0.7748520141885109,0.5716233006718371,0.4144144144144144,111.0,46.0,3.89,0.49550254204145483,2557,1.4376250996560531,16:00
momentum_50,0.05,33.77476261277018,0.659618924372273,0.629851117858376,0.3595505617977528,89.0,32.0,4.11,0.5146656237778647,2557,1.2689039866198426,16:00
momentum_50,0.1,19.02744588436697,0.5339142018488132,0.6180207881513444,0.36923076923076925,65.0,24.0,3.89,0.5334376222135315,2557,1.07698829984607,16:00
momentum_50,0.2,18.968411161250565,0.5332679608032289,0.6661241088958388,0.34545454545454546,55.0,19.0,7.62,0.543605788032851,2557,1.0636427698432098,16:00
momentum_5,,99.15675009680571,0.9083096217895212,0.42672543208483565,0.34196891191709844,193.0,66.0,4.91,0.5292083013066872,2602,1.5643202751268015,17:00
momentum_5,0.03,123.2884804893949,0.966979679948293,0.3440372468028639,0.37799043062200954,209.0,79.0,3.93,0.5030745580322828,2602,1.678117472227121,17:00
momentum_5,0.05,164.189184748821,1.0470627875769036,0.3979801092431774,0.3487179487179487,195.0,68.0,4.84,0.5199846272098386,2602,1.7667788549742076,17:00
momentum_5,0.1,74.04835763673266,0.8325958258938546,0.4267254320848362,0.34536082474226804,194.0,67.0,4.37,0.5276710222905457,2602,1.4892255533577345,17:00
momentum_5,0.2,97.94512005334313,0.9050543011210874,0.42672543208483615,0.34196891191709844,193.0,66.0,4.75,0.5288239815526518,2602,1.5607354948609287,17:00
momentum_10,,91.6296323383848,0.8898197375685921,0.4691234846588632,0.3629032258064516,124.0,45.0,5.04,0.5402387370042356,2597,1.5091723492701885,17:00
momentum_10,0.03,83.21135680506514,0.8646814754742096,0.36675770911308603,0.3924050632911392,158.0,62.0,3.34,0.5009626492106276,2597,1.5292382102072697,17:00
momentum_10,0.05,124.15956552067001,0.9714775135293379,0.465154468855922,0.381294964028777,139.0,53.0,4.27,0.522525991528687,2597,1.6474536079047264,17:00
momentum_10,0.1,65.71292004587035,0.8046244753561547,0.42178244377253127,0.37209302325581395,129.0,48.0,4.14,0.5352329611089719,2597,1.4296831383558244,17:00
momentum_10,0.2,83.08113307225868,0.8642759353524365,0.4652485679940452,0.36,125.0,45.0,4.8,0.5386984982672314,2597,1.4828416419890804,17:00
momentum_20,,91.9675924811532,0.8954486903298489,0.5794054810243379,0.35802469135802467,81.0,29.0,7.14,0.5396211828372632,2587,1.501727814831126,17:00
momentum_20,0.03,76.60047966125533,0.8477409897981141,0.506046341734822,0.4,135.0,54.0,3.3,0.49207576343254733,2587,1.522184080123848,17:00
momentum_20,0.05,96.73285839819633,0.908863875308527,0.6081516721165577,0.3853211009174312,109.0,42.0,3.79,0.5144955546965597,2587,1.5782220415838637,17:00
momentum_20,0.1,50.328329076076955,0.7430682785148599,0.6007375398187995,0.37362637362637363,91.0,34.0,5.06,0.5287978353304986,2587,1.3583686213461579,17:00
momentum_20,0.2,64.41923073640534,0.8037568726671678,0.5794054810243378,0.3493975903614458,83.0,29.0,6.12,0.5373018940858136,2587,1.4124120489590695,17:00
momentum_50,,28.644729118370872,0.6222348976076948,0.7530663283338023,0.36538461538461536,52.0,19.0,9.37,0.5467344544387954,2557,1.157661828118176,17:00
momentum_50,0.03,23.67349906676826,0.5802818094060487,0.6767665616437196,0.36607142857142855,112.0,41.0,3.48,0.4931560422369965,2557,1.159877749930924,17:00
momentum_50,0.05,42.601332709292926,0.7140798810821156,0.6773330118195972,0.4186046511627907,86.0,36.0,4.45,0.5170121235823231,2557,1.3213209041782663,17:00
momentum_50,0.1,15.02883912958806,0.4859159131360129,0.6605960921275454,0.35384615384615387,65.0,23.0,4.46,0.5326554556120454,2557,1.006273102778292,17:00
momentum_50,0.2,19.923065855737,0.5435233229341534,0.7061837158210984,0.40350877192982454,57.0,23.0,6.85,0.5428236214313649,2557,1.0727059389466442,17:00
momentum_5,,64.3883330999838,0.7975145098505421,0.4963317900568484,0.3163265306122449,196.0,62.0,5.08,0.531129900076864,2602,1.4417930884280103,18:00
momentum_5,0.03,112.83286508748836,0.9428821740640558,0.45962095943373993,0.33014354066985646,209.0,69.0,4.53,0.505380476556495,2602,1.6796287526905047,18:00
momentum_5,0.05,93.31998894111044,0.8923040410135592,0.4825145005669986,0.3248730964467005,197.0,64.0,4.89,0.5234435049961568,2602,1.5828104235852933,18:00
momentum_5,0.1,59.583321294735285,0.7783720590360101,0.4963317900568484,0.3197969543147208,197.0,63.0,4.56,0.5295926210607225,2602,1.431426033181432,18:00
momentum_5,0.2,59.51177456743614,0.7780773011258977,0.49633179005684785,0.3163265306122449,196.0,62.0,4.87,0.5307455803228286,2602,1.4202022838102215,18:00
momentum_10,,95.13479494616797,0.8997108076580884,0.4468576223608593,0.35714285714285715,126.0,45.0,4.51,0.5394686176357335,2597,1.5220599799792498,18:00
momentum_10,0.03,153.2084837501756,1.0301661468679746,0.3612055801442093,0.4050632911392405,158.0,64.0,3.8,0.5013477088948787,2597,1.732501093554359,18:00
momentum_10,0.05,119.09887184484195,0.9600741904417811,0.48662093753838054,0.3591549295774648,142.0,51.0,4.5,0.5213708124759338,2597,1.6272380854835056,18:00
momentum_10,0.1,90.59958240801379,0.8868519394282104,0.4541023643137394,0.36923076923076925,130.0,48.0,4.61,0.5344628417404698,2597,1.5286523313977245,18:00
momentum_10,0.2,79.72537010474353,0.8536346122793681,0.46360949799354834,0.359375,128.0,46.0,4.3,0.5379283788987294,2597,1.4736439526297374,18:00
momentum_20,,148.11261240629923,1.0261019127976918,0.49403191315206724,0.3670886075949367,79.0,29.0,8.48,0.5400077309625049,2587,1.650581747200818,18:00
momentum_20,0.03,192.6351786781595,1.1021841612965764,0.47685135008232665,0.421875,128.0,54.0,3.25,0.4955546965597217,2587,1.8157098799942368,18:00
momentum_20,0.05,125.42128241524615,0.9794564392864618,0.5405510792609993,0.42452830188679247,106.0,45.0,3.78,0.5156551990722845,2587,1.6535565179244607,18:00
momentum_20,0.1,113.77168685650653,0.9526401829368281,0.49455940113223607,0.38202247191011235,89.0,34.0,6.26,0.5295709315809818,2587,1.6115122796915733,18:00
momentum_20,0.2,90.4524501269823,0.8910594412453487,0.494031913152067,0.35802469135802467,81.0,29.0,7.02,0.5373018940858136,2587,1.5223952607846543,18:00
momentum_50,,22.10464490217139,0.5655314922215222,0.7771067784131093,0.36538461538461536,52.0,19.0,9.04,0.5479077043410246,2557,1.098415618467461,18:00
momentum_50,0.03,49.59999291363353,0.7508931620826145,0.664308890754689,0.4205607476635514,107.0,45.0,3.17,0.49706687524442705,2557,1.3928014964339124,18:00
momentum_50,0.05,29.913684706964244,0.6319700161504112,0.7148363253487531,0.39759036144578314,83.0,33.0,3.78,0.5185764567852953,2557,1.22284606161195,18:00
momentum_50,0.1,18.186743551354308,0.5245530309833528,0.6838611398532395,0.36923076923076925,65.0,24.0,3.82,0.5346108721157606,2557,1.0685015965191014,18:00
momentum_50,0.2,16.684367898638495,0.5069112461434806,0.741287045302541,0.38596491228070173,57.0,22.0,7.09,0.5439968713335941,2557,1.0347701413049528,18:00
momentum_5,,100.39647822031931,0.9116055774297525,0.5364346992650091,0.3711340206185567,194.0,72.0,4.05,0.5342044581091469,2602,1.5770529567919103,19:00
momentum_5,0.03,158.60391179987394,1.0372095297450352,0.4962887840332495,0.38613861386138615,202.0,78.0,3.64,0.5111452728670254,2602,1.770247350321745,19:00
momentum_5,0.05,190.55553900969508,1.0900313203305947,0.5222777122446824,0.3787878787878788,198.0,75.0,3.88,0.5257494235203689,2602,1.814762741115434,19:00
momentum_5,0.1,92.27204442313663,0.8893406113923004,0.536434699265009,0.37244897959183676,196.0,73.0,3.51,0.5326671790930054,2602,1.5647095837933842,19:00
momentum_5,0.2,98.00133710411912,0.9052060972043117,0.5364346992650092,0.3711340206185567,194.0,72.0,3.89,0.5338201383551114,2602,1.5699947579881306,19:00
momentum_10,,107.70780996342782,0.9328132796818804,0.5388871794832112,0.375,128.0,48.0,5.04,0.5390835579514824,2597,1.5654207403904186,19:00
momentum_10,0.03,141.94326514177283,1.0086363989969511,0.5129315926425242,0.4267515923566879,157.0,67.0,3.57,0.503273007316134,2597,1.710259329966407,19:00
momentum_10,0.05,160.62710799643062,1.0436172985665544,0.5300234194305972,0.3971631205673759,141.0,56.0,3.86,0.5217558721601848,2597,1.7251720297203512,19:00
momentum_10,0.1,104.86166396849706,0.9256196830685939,0.5491889102634128,0.3939393939393939,132.0,52.0,4.42,0.5336927223719676,2597,1.5779797203660846,19:00
momentum_10,0.2,94.28702961756326,0.8973473101849077,0.5388871794832117,0.37209302325581395,129.0,48.0,4.3,0.5375433192144783,2597,1.5280530263857015,19:00
momentum_20,,146.9167816157119,1.0238014580268344,0.5578268849320664,0.36585365853658536,82.0,30.0,7.86,0.5400077309625049,2587,1.6729739352618314,19:00
momentum_20,0.03,169.08274481767654,1.0640680058122527,0.5287330368949859,0.44881889763779526,127.0,57.0,3.17,0.4994201778121376,2587,1.7881967474883484,19:00
momentum_20,0.05,148.11919812351903,1.026114537995316,0.6038291419832083,0.42201834862385323,109.0,46.0,4.09,0.516041747197526,2587,1.732588921580917,19:00
momentum_20,0.1,106.32598602598293,0.934248576745889,0.5925902583702253,0.3956043956043956,91.0,36.0,4.5,0.5303440278314651,2587,1.607867067423887,19:00
momentum_20,0.2,117.0194425418424,0.9603429889157518,0.5578268849320666,0.36904761904761907,84.0,31.0,6.77,0.5380749903362969,2587,1.6102117286091302,19:00
momentum_50,,32.632361687359875,0.6517244517584757,0.7366053647885028,0.32075471698113206,53.0,17.0,10.51,0.5459522878373093,2557,1.2072271088258437,19:00
momentum_50,0.03,43.2429559625007,0.7176579637559031,0.6488035700718381,0.43119266055045874,109.0,47.0,3.62,0.496675791943684,2557,1.3428560657603694,19:00
momentum_50,0.05,43.31810437780306,0.7180741220440188,0.6137474457734495,0.42857142857142855,84.0,36.0,4.69,0.5181853734845522,2557,1.3296547624039596,19:00
momentum_50,0.1,23.807813179197844,0.5815069233043817,0.6228683355461854,0.3283582089552239,67.0,22.0,4.58,0.5318732890105593,2557,1.1427713620612878,19:00
momentum_50,0.2,31.19199880744589,0.6414365150181001,0.6879204528711985,0.3448275862068966,58.0,20.0,7.19,0.5424325381306219,2557,1.2060581619794535,19:00
momentum_5,,85.90458790278717,0.8706930448942329,0.5323271014912523,0.4,190.0,76.0,3.87,0.5349730976172176,2602,1.530774559682557,20:00
momentum_5,0.03,114.08255252388719,0.9458601784415681,0.5370994832676717,0.3737864077669903,206.0,77.0,3.45,0.5076863950807071,2602,1.676875796309362,20:00
momentum_5,0.05,167.58534412639818,1.0529149535670976,0.5215113446213218,0.40414507772020725,193.0,78.0,3.67,0.5265180630284396,2602,1.7804674598568095,20:00
momentum_5,0.1,79.43596987773077,0.8505051580352634,0.5323271014912515,0.39267015706806285,191.0,75.0,3.83,0.5330514988470407,2602,1.521239128570245,20:00
momentum_5,0.2,77.82597581694334,0.845264121541603,0.5323271014912514,0.4,190.0,76.0,3.71,0.5345887778631822,2602,1.5045457175964234,20:00
momentum_10,,82.5681208617276,0.8626730525507345,0.5507788554469316,0.37209302325581395,129.0,48.0,4.67,0.5394686176357335,2597,1.4837823896975777,20:00
momentum_10,0.03,93.8221472210106,0.8960435750200579,0.5825106770376834,0.4171779141104294,163.0,68.0,3.28,0.5001925298421255,2597,1.5867936158785352,20:00
momentum_10,0.05,124.45478314814366,0.9721304203366341,0.5643659744848665,0.3958333333333333,144.0,57.0,3.79,0.522525991528687,2597,1.6479384478518857,20:00
momentum_10,0.1,72.07630829644214,0.8278805368606714,0.5826167059029664,0.3805970149253731,134.0,51.0,4.43,0.5340777820562187,2597,1.4633798737620765,20:00
momentum_10,0.2,60.872243462586404,0.7856197610859159,0.5879831173834665,0.36923076923076925,130.0,48.0,4.38,0.5375433192144783,2597,1.401316914812157,20:00
momentum_20,,161.3350111198484,1.0505350723497258,0.5921004107120427,0.425,80.0,34.0,6.37,0.5400077309625049,2587,1.694054310084939,20:00
momentum_20,0.03,166.75442864509773,1.0600577729004539,0.6226931130298071,0.5075757575757576,132.0,67.0,2.64,0.4955546965597217,2587,1.7841032505618637,20:00
momentum_20,0.05,190.03532189389395,1.0981787209186864,0.6250624176717753,0.46153846153846156,104.0,48.0,3.54,0.516041747197526,2587,1.8073887584784596,20:00
momentum_20,0.1,106.71443594523761,0.9352347763259401,0.6278088392554465,0.43333333333333335,90.0,39.0,3.51,0.5315036722071897,2587,1.6013443269075858,20:00
momentum_20,0.2,119.18974732156369,0.9653894988266492,0.5921004107120424,0.4268292682926829,82.0,35.0,5.62,0.5380749903362969,2587,1.6115826899688803,20:00
momentum_50,,29.516613692171997,0.6289612027057614,0.7393463340393949,0.33962264150943394,53.0,18.0,9.32,0.5471255377395385,2557,1.19149895598096,20:00
momentum_50,0.03,26.60108467946926,0.6057783065057973,0.6908108709872566,0.36936936936936937,111.0,41.0,2.93,0.4947203754399687,2557,1.20781442777824,20:00
momentum_50,0.05,34.972103103331165,0.6676579269036864,0.6663663672572354,0.4235294117647059,85.0,36.0,4.37,0.5174032068830661,2557,1.2802988196137253,20:00
momentum_50,0.1,18.103692372300006,0.5236092822438627,0.680583357254469,0.3582089552238806,67.0,24.0,5.91,0.5330465389127884,2557,1.0734349073097058,20:00
momentum_50,0.2,24.157119585027658,0.5846666173060799,0.7244673284309987,0.3684210526315789,57.0,21.0,6.22,0.543605788032851,2557,1.1430744751595894,20:00
momentum_5,,66.16656814267915,0.8042928751823242,0.5368808680933272,0.3838383838383838,198.0,76.0,3.9,0.5334358186010761,2602,1.4903218967945526,21:00
momentum_5,0.03,106.45000825271678,0.9272185137175046,0.49874088630527935,0.3923444976076555,209.0,82.0,3.41,0.5099923136049193,2602,1.701894708028551,21:00
momentum_5,0.05,82.58919704312689,0.8605138189015769,0.5145909507190162,0.39,200.0,78.0,3.54,0.5249807840122982,2602,1.6032119288599547,21:00
momentum_5,0.1,55.010428383061516,0.7589010536963783,0.5368808680933272,0.3888888888888889,198.0,77.0,3.84,0.5318985395849347,2602,1.439987960624102,21:00
momentum_5,0.2,63.244196148085706,0.7930689580807053,0.5368808680933271,0.3838383838383838,198.0,76.0,3.77,0.5330514988470407,2602,1.4770274806432147,21:00
momentum_10,,99.68211837577827,0.9120908006750823,0.5683456306842969,0.3464566929133858,127.0,44.0,5.95,0.5363881401617251,2597,1.599223497429586,21:00
momentum_10,0.03,119.68268463049274,0.9614105479641597,0.5749750398921498,0.4161490683229814,161.0,67.0,3.46,0.4978821717366192,2597,1.7288065745321013,21:00
momentum_10,0.05,102.49002835799622,0.9194973046181558,0.5713015569361513,0.37857142857142856,140.0,53.0,4.0,0.5182903350019253,2597,1.6645814272727955,21:00
momentum_10,0.1,78.35767108491277,0.8491882032236979,0.5683456306842963,0.3560606060606061,132.0,47.0,5.1,0.5325375433192144,2597,1.5389884358383632,21:00
momentum_10,0.2,92.25438373093439,0.8916059918328729,0.5683456306842969,0.34108527131782945,129.0,44.0,5.49,0.535618020793223,2597,1.576447193766692,21:00
momentum_20,,143.1189158249786,1.0163879147423778,0.5082222968591829,0.32098765432098764,81.0,26.0,7.85,0.5454194047158871,2587,1.7114691372837718,21:00
momentum_20,0.03,158.52909097655933,1.045496896504527,0.5286924373231222,0.39552238805970147,134.0,53.0,3.43,0.49864708156165444,2587,1.8364978741768556,21:00
momentum_20,0.05,136.8921809967692,1.003861902413314,0.5395539660438882,0.3925233644859813,107.0,42.0,4.2,0.5210668728256668,2587,1.766497091236138,21:00
momentum_20,0.1,111.44250084329782,0.9469998519011595,0.508222296859183,0.3516483516483517,91.0,32.0,4.61,0.5380749903362969,2587,1.6514390001610395,21:00
momentum_20,0.2,119.14066800392554,0.9652762451435488,0.5082222968591833,0.3333333333333333,84.0,28.0,6.85,0.5438732122149208,2587,1.6582860533003319,21:00
momentum_50,,27.562982869450675,0.6136497252107604,0.7842271256410877,0.3333333333333333,54.0,18.0,9.87,0.543605788032851,2557,1.202951783896332,21:00
momentum_50,0.03,25.83604177164074,0.5993480853535138,0.7837577604089706,0.41025641025641024,117.0,48.0,2.1,0.49041845913179505,2557,1.2371626123350095,21:00
momentum_50,0.05,22.65300741919878,0.5707821800415755,0.7499339267257127,0.41379310344827586,87.0,36.0,3.93,0.5134923738756355,2557,1.184979359348809,21:00
momentum_50,0.1,16.362860118293487,0.5029697490649887,0.7544412021900421,0.34328358208955223,67.0,23.0,5.8,0.5310911224090731,2557,1.0634226226871,21:00
momentum_50,0.2,23.86210666843884,0.5820005350240247,0.8004688254008968,0.3508771929824561,57.0,20.0,6.06,0.5404771216269065,2557,1.1642726643331505,21:00
momentum_5,,57.76725330704381,0.770795839206831,0.5949369308288143,0.3582089552238806,201.0,72.0,4.36,0.54304381245196,2602,1.4257753549101186,22:00
momentum_5,0.03,97.28996032320299,0.9032797635064003,0.5839470904982804,0.3674418604651163,215.0,79.0,4.17,0.5192159877017679,2602,1.6536216351625872,22:00
momentum_5,0.05,63.09070608833645,0.7924674030302377,0.5898992177986736,0.375609756097561,205.0,77.0,4.11,0.5342044581091469,2602,1.480969144458269,22:00
momentum_5,0.1,56.04536277556049,0.7634242656168695,0.5949369308288139,0.3582089552238806,201.0,72.0,4.3,0.541890853189854,2602,1.4257899207426263,22:00
momentum_5,0.2,58.40833886066764,0.7734930013748875,0.5949369308288144,0.3582089552238806,201.0,72.0,4.23,0.5426594926979247,2602,1.429312436458239,22:00
momentum_10,,83.19257776055635,0.864623027425157,0.5039534588723015,0.33884297520661155,121.0,41.0,5.92,0.5386984982672314,2597,1.528194274734683,22:00
momentum_10,0.03,129.38598374609725,0.9828456237664249,0.510671113924769,0.39215686274509803,153.0,60.0,3.86,0.5040431266846361,2597,1.738900642190249,22:00
momentum_10,0.05,103.39580283200664,0.9218496567409784,0.533607397409915,0.38235294117647056,136.0,52.0,4.07,0.5213708124759338,2597,1.63643525198138,22:00
momentum_10,0.1,74.14653658040906,0.8350714313529111,0.4956596215565308,0.3543307086614173,127.0,45.0,4.9,0.5336927223719676,2597,1.5048209103349357,22:00
momentum_10,0.2,80.82920927346193,0.8571762396746636,0.5205394187947817,0.3360655737704918,122.0,41.0,5.28,0.5379283788987294,2597,1.5201140986661348,22:00
momentum_20,,131.01663475793274,0.9915886230417001,0.562440896182009,0.3253012048192771,83.0,27.0,8.12,0.5380749903362969,2587,1.6731429327273635,22:00
momentum_20,0.03,123.33626283989987,0.9748173886526508,0.5571345378598841,0.39097744360902253,133.0,52.0,4.08,0.4951681484344801,2587,1.7400673693066042,22:00
momentum_20,0.05,111.67464611207747,0.947566491542557,0.606935141200991,0.4074074074074074,108.0,44.0,4.66,0.5152686509470429,2587,1.6736843360198932,22:00
momentum_20,0.1,109.82358104157987,0.9430200788536476,0.5624408961820088,0.34831460674157305,89.0,31.0,5.21,0.5318902203324314,2587,1.6345623002205514,22:00
momentum_20,0.2,117.97535595397619,0.9625754698872013,0.5624408961820089,0.3253012048192771,83.0,27.0,6.85,0.5369153459605721,2587,1.6437299737867004,22:00
momentum_50,,27.999305010600665,0.6171455441247362,0.8030668909934745,0.3392857142857143,56.0,19.0,9.63,0.5443879546343371,2557,1.192779500860031,22:00
momentum_50,0.03,21.740672935190936,0.561987082486759,0.8084765787658206,0.4,115.0,46.0,2.74,0.49354712553773955,2557,1.171531358609803,22:00
momentum_50,0.05,20.951331943164032,0.5541301145156867,0.7720620674451043,0.4044943820224719,89.0,36.0,4.95,0.5142745404771216,2557,1.143609828667373,22:00
momentum_50,0.1,19.895517470103567,0.5432330601274509,0.7917359881953955,0.31343283582089554,67.0,21.0,6.49,0.5326554556120454,2557,1.1065512254782022,22:00
momentum_50,0.2,22.96058649922468,0.5736817961795917,0.8283780094791698,0.3620689655172414,58.0,21.0,6.12,0.5412592882283926,2557,1.1397673844623675,22:00
momentum_5,,75.85975156878203,0.8387371423534042,0.6234155880097473,0.3465346534653465,202.0,70.0,4.5,0.536510376633359,2602,1.49989588414887,23:00
momentum_5,0.03,57.961443208497236,0.771615490733949,0.6310009079131543,0.3568075117370892,213.0,76.0,3.74,0.5111452728670254,2602,1.4679684502706782,23:00
momentum_5,0.05,70.37029390739384,0.819723213179772,0.6301009847597373,0.3480392156862745,204.0,71.0,4.55,0.528055342044581,2602,1.4950258577389666,23:00
momentum_5,0.1,87.8043030972493,0.8763761886052042,0.6234155880097477,0.3465346534653465,202.0,70.0,4.64,0.5357417371252883,2602,1.5504613586974938,23:00
momentum_5,0.2,79.55382145163948,0.8508852490409744,0.6234155880097478,0.3465346534653465,202.0,70.0,4.39,0.5361260568793236,2602,1.5152462817445853,23:00
momentum_10,,155.61216389472526,1.0345841914347171,0.4437395542283429,0.36065573770491804,122.0,44.0,5.75,0.5386984982672314,2597,1.7085735751564606,23:00
momentum_10,0.03,132.33267091139533,0.9890834503557329,0.39739220199451625,0.37662337662337664,154.0,58.0,4.05,0.5021178282633808,2597,1.726300623053394,23:00
momentum_10,0.05,270.1972983188517,1.197811459846713,0.3929278360714005,0.41044776119402987,134.0,55.0,4.87,0.5213708124759338,2597,1.9159640587041116,23:00
momentum_10,0.1,204.91282236259258,1.1143688970837058,0.41231387730259855,0.373015873015873,126.0,47.0,5.41,0.5344628417404698,2597,1.8109295206927232,23:00
momentum_10,0.2,189.6044284146003,1.0915360766561824,0.4150307328382583,0.36585365853658536,123.0,45.0,5.29,0.5379283788987294,2597,1.7775270184940277,23:00
momentum_20,,105.41458415021648,0.9319226124167819,0.6651490206778814,0.3333333333333333,87.0,29.0,4.62,0.5392346347120216,2587,1.5954584472900741,23:00
momentum_20,0.03,80.08878572433714,0.8592397859752432,0.6120256683035731,0.39705882352941174,136.0,54.0,3.08,0.49594124468496326,2587,1.573369175432786,23:00
momentum_20,0.05,127.39844555701472,0.9837952038467923,0.6620133174933128,0.3944954128440367,109.0,43.0,3.89,0.5168148434480093,2587,1.6875823331745297,23:00
momentum_20,0.1,122.24725856241156,0.972367792267824,0.6531093042013972,0.35051546391752575,97.0,34.0,5.97,0.5326633165829145,2587,1.653101306800467,23:00
momentum_20,0.2,97.73109082118309,0.9116027067569867,0.6651490206778818,0.3409090909090909,88.0,30.0,4.36,0.5380749903362969,2587,1.5762459254960914,23:00
momentum_50,,29.308369177721428,0.6273697859890246,0.7856519384943826,0.3333333333333333,54.0,18.0,10.36,0.5459522878373093,2557,1.1909809304597934,23:00
momentum_50,0.03,22.51531137165354,0.5694736025487255,0.7276405225423354,0.35398230088495575,113.0,40.0,3.61,0.4951114587407118,2557,1.1577047434861971,23:00
momentum_50,0.05,40.48066551524589,0.701923525494826,0.7228666867387634,0.38636363636363635,88.0,34.0,4.75,0.51662104028158,2557,1.3108935083949524,23:00
momentum_50,0.1,28.98496433125044,0.6248796257840401,0.7498676677177317,0.3181818181818182,66.0,21.0,8.63,0.5346108721157606,2557,1.1991948322498924,23:00
momentum_50,0.2,30.02583925693882,0.6328138677406416,0.7578206058221133,0.35714285714285715,56.0,20.0,6.7,0.543214704732108,2557,1.2040251477519213,23:00
