,index,day_starting_at_4am,open,high,low,close,volume_krw,volume_market,price_change,gain,loss,avg_gain,avg_loss,rs,rsi,signal,position,highest_price,exit_price,strategy_returns,strategy_returns2,cumulative_returns,cumulative_returns2,benchmark_returns
0,2,2024-02-25 04:00:00,71070000.0,71595000.0,70907000.0,71084000.0,135255199981.3555,1899.76752185,,0.0,0.0,0.0,0.0,,,0,0,,,,,,,
1,3,2024-02-26 04:00:00,71085000.0,73402000.0,70000000.0,73272000.0,329539505146.24365,4606.53005778,15000.0,15000.0,0.0,7500.0,0.0,inf,100.0,0,0,,,0.0,0.0,1.0,1.0,1.0002110595187843
2,4,2024-02-27 04:00:00,73287000.0,79183000.0,73133000.0,78785000.0,856123463451.8674,11109.94109416,2202000.0,2202000.0,0.0,739000.0,0.0,inf,100.0,0,0,,,0.0,0.0,1.0,1.0,1.0311945968763192
3,5,2024-02-28 04:00:00,78785000.0,88424000.0,77900000.0,85450000.0,1455113083357.6482,17584.271027799998,5498000.0,5498000.0,0.0,1928750.0,0.0,inf,100.0,0,0,,,0.0,0.0,1.0,1.0,1.108554945828057
4,6,2024-02-29 04:00:00,85579000.0,90000000.0,83863000.0,85600000.0,1346097751369.595,15415.60839927,6794000.0,6794000.0,0.0,2901800.0,0.0,inf,100.0,0,0,,,0.0,0.0,1.0,1.0,1.204150837202758
5,7,2024-03-01 04:00:00,85640000.0,88500000.0,85406000.0,87501000.0,597178473090.3934,6861.25463339,61000.0,61000.0,0.0,2428333.3333333335,0.0,inf,100.0,0,0,,,0.0,0.0,1.0,1.0,1.2050091459124808
6,8,2024-03-02 04:00:00,87501000.0,88300000.0,86090000.0,86637000.0,510681064053.5329,5873.99141164,1861000.0,1861000.0,0.0,2347285.714285714,0.0,inf,100.0,0,0,,,0.0,0.0,1.0,1.0,1.2311945968763192
7,9,2024-03-03 04:00:00,86637000.0,87828000.0,85000000.0,87571000.0,503313958730.4383,5828.27788672,-864000.0,0.0,864000.0,2053875.0,108000.0,19.01736111111111,95.00433651344319,0,0,,,-0.0,-0.0,1.0,1.0,1.2190375685943435
8,10,2024-03-04 04:00:00,87571000.0,93990000.0,87123000.0,92859000.0,1034333766341.3424,11431.56188572,934000.0,934000.0,0.0,1929444.4444444445,96000.0,20.09837962962963,95.26029952273849,0,0,,,0.0,0.0,1.0,1.0,1.2321795412973124
9,11,2024-03-05 04:00:00,92859000.0,97000000.0,91200000.0,91773000.0,1727979342134.7734,18267.93790987,5288000.0,5288000.0,0.0,2265300.0,86400.0,26.21875,96.32606199770379,0,0,,,0.0,0.0,1.0,1.0,1.30658505698607
10,12,2024-03-06 04:00:00,91720000.0,94917000.0,88024000.0,94000000.0,1622945020119.171,17723.52277254,-1139000.0,0.0,1139000.0,2059363.6363636365,182090.9090909091,11.309535696455319,91.87621674237508,0,0,,,-0.0,-0.0,1.0,1.0,1.290558604193049
11,13,2024-03-07 04:00:00,94000000.0,95678000.0,92670000.0,94920000.0,566180645765.9167,6025.76233454,2280000.0,2280000.0,0.0,2077750.0,166916.66666666666,12.44782825761358,92.56385506385506,0,0,,,0.0,0.0,1.0,1.0,1.322639651048262
12,14,2024-03-08 04:00:00,94920000.0,98543000.0,94000000.0,96498000.0,796900305689.4933,8340.26455605,920000.0,920000.0,0.0,1988692.3076923077,154076.92307692306,12.907139291063407,92.80944859276278,0,0,,,0.0,0.0,1.0,1.0,1.3355846348670322
13,15,2024-03-09 04:00:00,96433000.0,97388000.0,95120000.0,95390000.0,440585067111.5239,4584.50494987,1513000.0,1513000.0,0.0,1954714.2857142857,143071.42857142858,13.66250624063904,93.17988355068269,0,0,,,0.0,0.0,1.0,1.0,1.356873504995075
14,16,2024-03-10 04:00:00,95390000.0,98445000.0,95223000.0,97830000.0,544118169508.77295,5589.91707786,-1043000.0,0.0,1043000.0,1954714.2857142857,217571.42857142858,8.98424162836507,89.98421675654347,0,0,,,-0.0,-0.0,1.0,1.0,1.3421978331222737
15,17,2024-03-11 04:00:00,97830000.0,101940000.0,95132000.0,100600000.0,1375692902104.7085,13858.4107861,2440000.0,2440000.0,0.0,2127928.5714285714,217571.42857142858,9.780367695338148,90.72387855163383,0,0,,,0.0,0.0,1.0,1.0,1.3765301815111861
16,18,2024-03-12 04:00:00,100503000.0,102350000.0,99000000.0,100770000.0,837611758519.6345,8297.94540032,2673000.0,2673000.0,0.0,2161571.4285714286,217571.42857142858,9.934996717005909,90.85504983787679,0,0,,,0.0,0.0,1.0,1.0,1.4141409877585478
17,19,2024-03-13 04:00:00,100785000.0,104865000.0,100001000.0,103967000.0,810379823518.666,7878.34605193,282000.0,282000.0,0.0,1789000.0,217571.42857142858,8.2225869993434,89.15705538943472,0,0,,,0.0,0.0,1.0,1.0,1.4181089067116928
18,20,2024-03-14 04:00:00,103968000.0,105000000.0,100000000.0,100936000.0,986911114344.0782,9566.03774788,3183000.0,3183000.0,0.0,1531071.4285714286,217571.42857142858,7.0370978332239,87.55769780646216,0,0,,,0.0,0.0,1.0,1.0,1.4628957365977207
19,21,2024-03-15 04:00:00,100936000.0,104131000.0,95600000.0,100762000.0,1757199585347.7712,17720.24815725,-3032000.0,0.0,3032000.0,1526714.2857142857,434142.85714285716,3.516617308325107,77.85953664578173,0,0,,,-0.0,-0.0,1.0,1.0,1.4202335725341213
20,22,2024-03-16 04:00:00,100787000.0,102407000.0,98100000.0,99643000.0,710921253488.0715,7109.20778181,-149000.0,0.0,149000.0,1393785.7142857143,444785.71428571426,3.1336116910229648,75.80808080808082,0,0,,,-0.0,-0.0,1.0,1.0,1.418137047980864
21,23,2024-03-17 04:00:00,99643000.0,99891000.0,94300000.0,98810000.0,1144688491922.442,11845.00240687,-1144000.0,0.0,1144000.0,1393785.7142857143,464785.71428571426,2.9987705547871526,74.9923136049193,0,0,,,-0.0,-0.0,1.0,1.0,1.402040242014915
22,24,2024-03-18 04:00:00,98810000.0,100299000.0,97623000.0,99185000.0,661805389734.5549,6666.86366497,-833000.0,0.0,833000.0,1327071.4285714286,524285.71428571426,2.531198910081744,71.6810062116594,0,0,,,-0.0,-0.0,1.0,1.0,1.3903194034050936
23,25,2024-03-19 04:00:00,99058000.0,99925000.0,92027000.0,95366000.0,1234469062062.308,12939.6760824,248000.0,248000.0,0.0,967071.4285714285,524285.71428571426,1.844550408719346,64.84505962929259,-1,0,,,0.0,0.0,1.0,1.0,1.3938089207823272
24,26,2024-03-20 04:00:00,95366000.0,96008000.0,89845000.0,95938000.0,1124400967709.5183,12103.39805692,-3692000.0,0.0,3692000.0,967071.4285714285,706642.8571428572,1.36854341453553,57.7799590303858,0,0,,,-0.0,-0.0,1.0,1.0,1.3418601378922188
25,27,2024-03-21 04:00:00,95790000.0,100216000.0,95193000.0,95407000.0,987041006667.9712,10061.38276261,424000.0,424000.0,0.0,834500.0,706642.8571428572,1.180936015364399,54.14812754912866,0,0,,,0.0,0.0,1.0,1.0,1.3478260869565215
26,28,2024-03-22 04:00:00,95380000.0,96500000.0,92250000.0,93536000.0,675260407186.1802,7143.18081207,-410000.0,0.0,410000.0,768785.7142857143,735928.5714285715,1.0446471901387946,51.09180670274377,0,0,,,-0.0,-0.0,1.0,1.0,1.3420571267764174
27,29,2024-03-23 04:00:00,93577000.0,95609000.0,92222000.0,94575000.0,359788950702.2412,3837.76121037,-1803000.0,0.0,1803000.0,660714.2857142857,864714.2857142857,0.7640839253262844,43.31335456077917,0,0,,,-0.0,-0.0,1.0,1.0,1.316687772618545
28,30,2024-03-24 04:00:00,94625000.0,95562000.0,93079000.0,95149000.0,315180396081.17804,3342.11256799,1048000.0,1048000.0,0.0,735571.4285714285,790214.2857142857,0.9308505830244961,48.20935349468658,0,0,,,0.0,0.0,1.0,1.0,1.3314337976642745
29,31,2024-03-25 04:00:00,95141000.0,100096000.0,94934000.0,99984000.0,685872519908.3969,7034.70305542,516000.0,516000.0,0.0,598142.8571428572,790214.2857142857,0.7569375395462352,43.082780264444104,0,0,,,0.0,0.0,1.0,1.0,1.3386942451104544
30,32,2024-03-26 04:00:00,99982000.0,100800000.0,98550000.0,99923000.0,622915233899.9485,6237.01155279,4841000.0,4841000.0,0.0,753000.0,790214.2857142857,0.952906083340866,48.79426058782689,0,0,,,0.0,0.0,1.0,1.0,1.40681018713944
31,33,2024-03-27 04:00:00,99969000.0,101900000.0,98700000.0,99019000.0,685812289848.4176,6853.40623963,-13000.0,0.0,13000.0,732857.1428571428,791142.8571428572,0.9263271939328277,48.087739032620924,0,0,,,-0.0,-0.0,1.0,1.0,1.406627268889827
32,34,2024-03-28 04:00:00,99019000.0,101725000.0,99000000.0,100716000.0,541480246743.339,5394.46744318,-950000.0,0.0,950000.0,505500.0,859000.0,0.5884749708963911,37.04653719311102,0,0,,,-0.0,-0.0,1.0,1.0,1.3932601660334882
33,35,2024-03-29 04:00:00,100662000.0,101297000.0,99210000.0,99415000.0,441806529762.2101,4409.66415724,1643000.0,1643000.0,0.0,622857.1428571428,642428.5714285715,0.9695352457193683,49.22660042903918,0,0,,,0.0,0.0,1.0,1.0,1.4163782186576614
34,36,2024-03-30 04:00:00,99562000.0,100317000.0,99360000.0,99953000.0,213463334772.16928,2136.38680475,-1100000.0,0.0,1100000.0,622857.1428571428,710357.1428571428,0.8768225238813474,46.71845700508974,0,0,,,-0.0,-0.0,1.0,1.0,1.4009005206134797
35,37,2024-03-31 04:00:00,99953000.0,100850000.0,99860000.0,100319000.0,182545506340.67017,1820.73932448,391000.0,391000.0,0.0,650785.7142857143,628642.8571428572,1.0352232700829451,50.86534167038857,0,0,,,0.0,0.0,1.0,1.0,1.4064021387364571
36,38,2024-04-01 04:00:00,100319000.0,101133000.0,98658000.0,99627000.0,476701904959.4601,4775.70591194,366000.0,366000.0,0.0,676928.5714285715,569142.8571428572,1.189382530120482,54.325021496130695,0,0,,,0.0,0.0,1.0,1.0,1.4115519909947938
37,39,2024-04-02 04:00:00,99640000.0,100352000.0,95000000.0,96336000.0,778908917633.8805,8026.19299714,-679000.0,0.0,679000.0,659214.2857142857,617642.8571428572,1.0673065803168729,51.62788095770866,0,0,,,-0.0,-0.0,1.0,1.0,1.4019980301111579
38,40,2024-04-03 04:00:00,96336000.0,97300000.0,94682000.0,96385000.0,423682453233.95,4401.01556927,-3304000.0,0.0,3304000.0,659214.2857142857,589928.5714285715,1.117447632885337,52.77333028362306,0,0,,,-0.0,-0.0,1.0,1.0,1.35550865344027
39,41,2024-04-04 04:00:00,96385000.0,99888000.0,95598000.0,99177000.0,368811938070.1663,3798.23073292,49000.0,49000.0,0.0,632428.5714285715,589928.5714285715,1.0720426201719337,51.738444457430035,0,0,,,0.0,0.0,1.0,1.0,1.3561981145349655
40,42,2024-04-05 04:00:00,99106000.0,99912000.0,96800000.0,98000000.0,420541714488.0988,4276.22334288,2721000.0,2721000.0,0.0,826785.7142857143,560642.8571428572,1.4747101541597656,59.59122734761121,0,0,,,0.0,0.0,1.0,1.0,1.394484311242437
41,43,2024-04-06 04:00:00,98040000.0,98750000.0,97745000.0,98676000.0,150368780084.0057,1530.98813133,-1066000.0,0.0,1066000.0,826785.7142857143,508000.0,1.627530933633296,61.94145662760208,0,0,,,-0.0,-0.0,1.0,1.0,1.3794850147741662
42,44,2024-04-07 04:00:00,98573000.0,100450000.0,98400000.0,99706000.0,243529146138.96927,2446.49277402,533000.0,533000.0,0.0,790000.0,508000.0,1.5551181102362204,60.86286594761171,0,0,,,0.0,0.0,1.0,1.0,1.3869846630083016
43,45,2024-04-08 04:00:00,99684000.0,103084000.0,99100000.0,102246000.0,555487933936.135,5476.28005802,1111000.0,1111000.0,0.0,832500.0,508000.0,1.638779527559055,62.10369265199552,0,0,,,0.0,0.0,1.0,1.0,1.4026171380329253
44,46,2024-04-09 04:00:00,102199000.0,102399000.0,98400000.0,99019000.0,478403911123.0927,4762.010643,2515000.0,2515000.0,0.0,666357.1428571428,508000.0,1.311726659167604,56.742290614926105,0,0,,,0.0,0.0,1.0,1.0,1.4380047840157593
45,47,2024-04-10 04:00:00,99018000.0,100270000.0,97614000.0,99378000.0,386791490152.4987,3909.51728716,-3181000.0,0.0,3181000.0,666357.1428571428,734285.7142857143,0.9074902723735407,47.575093069508895,0,0,,,-0.0,-0.0,1.0,1.0,1.3932460953989028
46,48,2024-04-11 04:00:00,99378000.0,101750000.0,99365000.0,100558000.0,360539616563.9229,3580.33133137,360000.0,360000.0,0.0,692071.4285714285,666428.5714285715,1.0384780278670953,50.943793049056204,0,0,,,0.0,0.0,1.0,1.0,1.3983115238497257
47,49,2024-04-12 04:00:00,100507000.0,101426000.0,98985000.0,99811000.0,384822087013.7558,3834.29637796,1129000.0,1129000.0,0.0,655357.1428571428,666428.5714285715,0.9833869239013933,49.581194271818426,0,0,,,0.0,0.0,1.0,1.0,1.4141972702968904
48,50,2024-04-13 04:00:00,99811000.0,100569000.0,96366000.0,99917000.0,611659332631.665,6182.57081859,-696000.0,0.0,696000.0,655357.1428571428,637571.4285714285,1.0278960340578087,50.6878073034639,0,0,,,-0.0,-0.0,1.0,1.0,1.404404108625299
49,51,2024-04-14 04:00:00,99917000.0,100000000.0,95000000.0,96884000.0,995899735169.9248,10262.67808403,106000.0,106000.0,0.0,635000.0,637571.4285714285,0.9959668384494735,49.89896722047598,0,0,,,0.0,0.0,1.0,1.0,1.4058955958913746
50,52,2024-04-15 04:00:00,96885000.0,99490000.0,96000000.0,96006000.0,574251651061.2509,5859.80695364,-3032000.0,0.0,3032000.0,608857.1428571428,854142.8571428572,0.7128282321458438,41.6170295869544,0,0,,,-0.0,-0.0,1.0,1.0,1.3632334318277752
51,53,2024-04-16 04:00:00,96006000.0,97192000.0,93500000.0,94879000.0,635180456028.1661,6675.58501038,-879000.0,0.0,879000.0,608857.1428571428,868428.5714285715,0.7011021549596973,41.214582728943036,0,0,,,-0.0,-0.0,1.0,1.0,1.3508653440270153
52,54,2024-04-17 04:00:00,94876000.0,96500000.0,90200000.0,91826000.0,630008792862.3523,6763.33869034,-1130000.0,0.0,1130000.0,608857.1428571428,713142.8571428572,0.8537660256410255,46.055759671493405,0,0,,,-0.0,-0.0,1.0,1.0,1.334965526945265
53,55,2024-04-18 04:00:00,91826000.0,94200000.0,90000000.0,93152000.0,566652439732.7778,6166.77848706,-3050000.0,0.0,3050000.0,605357.1428571428,931000.0,0.6502224950130427,39.40211074433958,0,0,,,-0.0,-0.0,1.0,1.0,1.2920500914591244
54,56,2024-04-19 04:00:00,93152000.0,95958000.0,88500000.0,93731000.0,814882464262.3688,8809.73829728,1326000.0,1326000.0,0.0,505714.28571428574,931000.0,0.5431947214976216,35.199363627324246,0,0,,,0.0,0.0,1.0,1.0,1.3107077529196562
55,57,2024-04-20 04:00:00,93731000.0,95600000.0,92330000.0,94744000.0,273437129048.59277,2912.20339572,579000.0,579000.0,0.0,547071.4285714285,854857.1428571428,0.639956550802139,39.02277474907016,0,0,,,0.0,0.0,1.0,1.0,1.31885465034473
56,58,2024-04-21 04:00:00,94744000.0,95989000.0,94302000.0,94651000.0,243330206644.83664,2560.3557446,1013000.0,1013000.0,0.0,581357.1428571428,854857.1428571428,0.6800635026737968,40.478440344158756,0,0,,,0.0,0.0,1.0,1.0,1.3331082031799628
57,59,2024-04-22 04:00:00,94653000.0,96758000.0,94412000.0,96270000.0,269681465781.5201,2816.42934301,-91000.0,0.0,91000.0,502000.0,861357.1428571428,0.5828012272991127,36.82087284539215,0,0,,,-0.0,-0.0,1.0,1.0,1.3318277754326715
58,60,2024-04-23 04:00:00,96270000.0,97627000.0,95246000.0,96700000.0,336588938894.3867,3492.59598684,1617000.0,1617000.0,0.0,437857.14285714284,861357.1428571428,0.508334024380131,33.70168783330584,0,0,,,0.0,0.0,1.0,1.0,1.3545799915576187
59,61,2024-04-24 04:00:00,96700000.0,96700000.0,93200000.0,93240000.0,297549771709.1135,3125.04290208,430000.0,430000.0,0.0,468571.4285714286,634142.8571428572,0.738905158819554,42.49255084855551,0,0,,,0.0,0.0,1.0,1.0,1.3606303644294353
60,62,2024-04-25 04:00:00,93230000.0,94319000.0,91213000.0,92974000.0,379653140028.197,4096.17395966,-3470000.0,0.0,3470000.0,442857.14285714284,882000.0,0.5021056041464205,33.426784558982106,0,0,,,-0.0,-0.0,1.0,1.0,1.3118052624173346
61,63,2024-04-26 04:00:00,92957000.0,94000000.0,91465000.0,92038000.0,208335690810.5084,2253.59796945,-273000.0,0.0,273000.0,362214.28571428574,901500.0,0.4017906663497346,28.662672394302504,0,0,,,-0.0,-0.0,1.0,1.0,1.3079639791754605
62,64,2024-04-27 04:00:00,92037000.0,92211000.0,90292000.0,91099000.0,221170604138.0064,2430.74447248,-920000.0,0.0,920000.0,362214.28571428574,917500.0,0.3947839626313741,28.304308997544098,0,0,,,-0.0,-0.0,1.0,1.0,1.2950189953566904
63,65,2024-04-28 04:00:00,91046000.0,92630000.0,90839000.0,91440000.0,149702752015.42288,1635.52454251,-991000.0,0.0,991000.0,354642.85714285716,988285.7142857143,0.358846487424111,26.408169778203288,0,0,,,-0.0,-0.0,1.0,1.0,1.2810749964823411
64,66,2024-04-29 04:00:00,91385000.0,91442000.0,88500000.0,89991000.0,392603216646.0583,4384.90471375,339000.0,339000.0,0.0,378857.14285714284,771714.2857142857,0.4909292854498334,32.92773777005215,1,1,91385000.0,,0.0,0.0,1.0,1.0,1.2858449416068662
65,67,2024-04-30 04:00:00,89976000.0,92540000.0,86486000.0,86778000.0,591656159419.5587,6651.65852957,-1409000.0,0.0,1409000.0,378857.14285714284,809571.4285714285,0.4679724722075172,31.87883159033538,0,1,91385000.0,,-0.01541828527657707,-0.017383518240096874,0.9845817147234229,0.9826164817599031,1.266019417475728
66,68,2024-05-01 04:00:00,86887000.0,87980000.0,80005000.0,83896000.0,1226138493683.5532,14748.87901506,-3089000.0,0.0,3089000.0,378857.14285714284,949500.0,0.39900699616339425,28.520729149862873,0,1,91385000.0,,-0.0343313772561572,-0.0343313772561572,0.9507796684357389,0.948881904626486,1.2225552272407485
67,69,2024-05-02 04:00:00,83895000.0,84486000.0,80601000.0,83832000.0,550725059278.8035,6683.59321445,-2992000.0,0.0,2992000.0,378857.14285714284,945357.1428571428,0.40075557234605214,28.609957387129825,0,0,91385000.0,83895000.0,-0.03443553120720011,-0.036366660144785734,0.9180390654921486,0.9143742388833976,1.180455888560574
68,70,2024-05-03 04:00:00,83749000.0,88089000.0,82807000.0,87276000.0,592507228835.8297,6946.09463505,-146000.0,0.0,146000.0,284142.85714285716,955785.7142857143,0.29728719826619837,22.916066593697792,0,0,,,-0.0,-0.0,0.9180390654921486,0.9143742388833976,1.1784015759110735
69,71,2024-05-04 04:00:00,87226000.0,91123000.0,87000000.0,90219000.0,508449057261.3403,5687.86835193,3477000.0,3477000.0,0.0,491142.85714285716,955785.7142857143,0.5138629399895374,33.943821888729815,1,1,87226000.0,,0.0,0.0,0.9180390654921486,0.9143742388833976,1.2273251723652736
70,72,2024-05-05 04:00:00,90219000.0,90759000.0,88331000.0,90054000.0,233195725525.81604,2598.55885656,2993000.0,2993000.0,0.0,632571.4285714285,955785.7142857143,0.661833943651446,39.82551603183882,0,1,87226000.0,,0.0343131635062941,0.03224866617394606,0.9495398900515462,0.9438615884712044,1.2694385816800338
71,73,2024-05-06 04:00:00,90054000.0,91681000.0,88500000.0,89250000.0,346250297407.7857,3840.66354423,-165000.0,0.0,165000.0,632571.4285714285,961071.4285714285,0.6581939799331104,39.693424768051635,0,1,90219000.0,,-0.0018288830512419585,-0.0018288830512419585,0.9478032926401527,0.9421353760093311,1.2671169269734066
72,74,2024-05-07 04:00:00,89264000.0,90157000.0,88365000.0,88939000.0,219959147411.38843,2462.6516871,-790000.0,0.0,790000.0,517071.4285714286,1017500.0,0.5081783081783082,33.69484267361757,0,1,90219000.0,,-0.008772514269216214,-0.008772514269216214,0.9394886747310569,0.9338704799797558,1.256001125650767
73,75,2024-05-08 04:00:00,88979000.0,89126000.0,86500000.0,87661000.0,308141068098.9593,3514.05438321,-285000.0,0.0,285000.0,486357.14285714284,1037857.1428571428,0.46861665519614587,31.908711748441817,0,1,90219000.0,,-0.003192776483240678,-0.003192776483240678,0.9364890973841047,0.9308888402728838,1.2519909947938654
74,76,2024-05-09 04:00:00,87660000.0,87743000.0,85020000.0,86747000.0,306478122083.2493,3560.76241248,-1319000.0,0.0,1319000.0,486357.14285714284,884214.2857142857,0.5500444300832055,35.4857202418178,0,1,90219000.0,,-0.014823722451364874,-0.014823722451364874,0.9226068429257535,0.9170896024716056,1.233431827775433
75,77,2024-05-10 04:00:00,86747000.0,88500000.0,85120000.0,85800000.0,311132683428.7197,3573.32023867,-913000.0,0.0,913000.0,486357.14285714284,929928.5714285715,0.5230048390813427,34.340326810570915,0,1,90219000.0,,-0.010415240702715045,-0.010415240702715045,0.9129976705827098,0.9075378935159066,1.2205853383987622
76,78,2024-05-11 04:00:00,85800000.0,86500000.0,85209000.0,86150000.0,132056158823.6421,1539.53938638,-947000.0,0.0,947000.0,486357.14285714284,931857.1428571428,0.5219224283305227,34.293628808864256,0,1,90219000.0,,-0.010916804039332817,-0.010916804039332817,0.9030306539245909,0.8976304801741246,1.20726044744618
77,79,2024-05-12 04:00:00,86150000.0,86978000.0,85618000.0,86677000.0,83007825432.99431,963.57913366,350000.0,350000.0,0.0,511357.14285714284,861071.4285714285,0.5938614682704272,37.259290100968045,0,1,90219000.0,,0.004079254079254024,0.004079254079254024,0.9067143454033042,0.9012921429720376,1.212185169551147
78,80,2024-05-13 04:00:00,86580000.0,88485000.0,85410000.0,87810000.0,269372673947.2923,3090.13173334,430000.0,430000.0,0.0,517857.14285714284,861071.4285714285,0.6014102032351721,37.55503755503756,0,1,90219000.0,,0.0049912942542078564,0.0049912942542078564,0.9112400235057235,0.9057907572666166,1.2182355424229636
79,81,2024-05-14 04:00:00,87747000.0,88225000.0,85801000.0,86126000.0,236180711976.76,2719.33042952,1167000.0,1167000.0,0.0,601214.2857142857,760428.5714285715,0.7906255870749577,44.15359597125321,0,1,90219000.0,,0.013478863478863401,0.013478863478863401,0.9235225033790334,0.9179997872242296,1.2346559729843818
80,82,2024-05-15 04:00:00,86126000.0,91663000.0,86001000.0,91604000.0,398454440588.2741,4466.92159067,-1621000.0,0.0,1621000.0,601214.2857142857,655571.4285714285,0.9170843320984964,47.83745382210855,0,1,90219000.0,,-0.018473566047842116,-0.018473566047842116,0.9064617494161924,0.9010410575230378,1.211847474321092
81,83,2024-05-16 04:00:00,91604000.0,92860000.0,90250000.0,90682000.0,401250036270.5697,4378.48573728,5478000.0,5478000.0,0.0,992500.0,441857.14285714284,2.2462010992563854,69.19476121707086,0,1,90219000.0,,0.06360448645008465,0.06360448645008465,0.9641167834744546,0.9583513112572317,1.2889264105811173
82,84,2024-05-17 04:00:00,90682000.0,93123000.0,90450000.0,92540000.0,250701272086.3621,2731.88591908,-922000.0,0.0,922000.0,992500.0,497285.71428571426,1.995834530307383,66.62031931725559,0,1,91604000.0,,-0.010065062661019142,-0.010065062661019142,0.954412887636244,0.9487054452581578,1.2759532854931759
83,85,2024-05-18 04:00:00,92540000.0,93500000.0,92048000.0,92896000.0,185362747680.16745,1996.03771821,1858000.0,1858000.0,0.0,876857.1428571428,497285.71428571426,1.7632864119505889,63.811206986173204,0,1,91604000.0,,0.020489181976577564,0.020489181976577564,0.9739680269718138,0.9681436437682223,1.3020965245532576
84,86,2024-05-19 04:00:00,92895000.0,93990000.0,92183000.0,92559000.0,193013398996.3164,2074.0550397,355000.0,355000.0,0.0,688428.5714285715,497285.71428571426,1.3843723068083886,58.06024096385542,0,1,92540000.0,,0.0038361789496434984,0.0038361789496434984,0.9777043426145089,0.971857616034677,1.3070915998311528
85,87,2024-05-20 04:00:00,92554000.0,94899000.0,91843000.0,94890000.0,238492085528.40613,2566.12594702,-341000.0,0.0,341000.0,688428.5714285715,509857.14285714284,1.3502381619501262,57.45112064854555,0,1,92895000.0,,-0.003670811130846663,-0.003670811130846663,0.9741153746309624,0.9682901102801388,1.3022935134374565
86,88,2024-05-21 04:00:00,94887000.0,98150000.0,94515000.0,96182000.0,608998810557.4854,6297.38109489,2333000.0,2333000.0,0.0,855071.4285714285,453428.5714285714,1.8857908002520478,65.347453463617,0,1,92895000.0,,0.025206906238520288,0.025206906238520288,0.9986698095447861,0.9926977083016567,1.3351203039257076
87,89,2024-05-22 04:00:00,96182000.0,97020000.0,94640000.0,96056000.0,286008805360.4059,2978.21904557,1295000.0,1295000.0,0.0,947571.4285714285,433071.4285714286,2.1880257298367143,68.6326245537793,0,1,94887000.0,,0.013647812661376157,0.013647812661376157,1.0122994680160255,1.006245860653935,1.3533417757140853
88,90,2024-05-23 04:00:00,96056000.0,96881000.0,93100000.0,93602000.0,332919569760.057,3495.05405289,-126000.0,0.0,126000.0,947571.4285714285,347857.14285714284,2.7240246406570843,73.14733127481253,0,1,96182000.0,,-0.001310016427190086,-0.001310016427190086,1.0109733390836888,1.0049276620466865,1.3515688757562974
89,91,2024-05-24 04:00:00,93602000.0,96160000.0,93000000.0,95710000.0,329300983807.5704,3487.41273968,-2454000.0,0.0,2454000.0,947571.4285714285,457928.5714285714,2.0692559663079084,67.41881384357372,-1,0,96182000.0,93602000.0,-0.025547597234946262,-0.027496502040476378,0.9851453994015099,0.9772956665366886,1.3170395384831863
90,92,2024-05-25 04:00:00,95710000.0,96598000.0,95192000.0,96277000.0,153559782821.03668,1601.21900317,2108000.0,2108000.0,0.0,1098142.857142857,390285.71428571426,2.8136896046852122,73.77867357711872,0,0,,,0.0,0.0,0.9851453994015099,0.9772956665366886,1.3467004361896728
91,93,2024-05-26 04:00:00,96270000.0,96590000.0,95816000.0,96154000.0,134151023499.38763,1394.9116457,560000.0,560000.0,0.0,1113142.857142857,390285.71428571426,2.8521229868228404,74.04028886354999,0,0,,,0.0,0.0,0.9851453994015099,0.9772956665366886,1.35457999155762
92,94,2024-05-27 04:00:00,96180000.0,97360000.0,95050000.0,96442000.0,253221927945.7849,2637.03135334,-90000.0,0.0,90000.0,1082428.5714285714,396714.28571428574,2.7284839755131434,73.1794475564999,0,0,,,-0.0,-0.0,0.9851453994015099,0.9772956665366886,1.3533136344449141
93,95,2024-05-28 04:00:00,96419000.0,96690000.0,93654000.0,94449000.0,310688276444.02045,3278.1365324,239000.0,239000.0,0.0,1016142.8571428572,396714.28571428574,2.5613971912135396,71.9211324570273,0,0,,,0.0,0.0,0.9851453994015099,0.9772956665366886,1.3566765161108774
94,96,2024-05-29 04:00:00,94500000.0,95232000.0,93440000.0,93592000.0,234884956095.8103,2490.42316926,-1919000.0,0.0,1919000.0,1016142.8571428572,418000.0,2.430963773069036,70.8536706843311,0,0,,,-0.0,-0.0,0.9851453994015099,0.9772956665366886,1.329674968341073
95,97,2024-05-30 04:00:00,93592000.0,96120000.0,93443000.0,95965000.0,250972734806.67072,2653.9448103,-908000.0,0.0,908000.0,624857.1428571428,482857.14285714284,1.2940828402366864,56.40959504771731,-1,0,,,-0.0,-0.0,0.9851453994015099,0.9772956665366886,1.31689883213733
96,98,2024-05-31 04:00:00,95936000.0,96000000.0,93700000.0,94405000.0,218138002820.2216,2297.79039172,2344000.0,2344000.0,0.0,792285.7142857143,417000.0,1.8999657416923605,65.51683402244537,0,0,,,0.0,0.0,0.9851453994015099,0.9772956665366886,1.349880399606023
97,99,2024-06-01 04:00:00,94405000.0,94920000.0,94200000.0,94745000.0,66679130627.87928,704.72189819,-1531000.0,0.0,1531000.0,659571.4285714285,526357.1428571428,1.2530872574297733,55.616454857555865,0,0,,,-0.0,-0.0,0.9851453994015099,0.9772956665366886,1.328338258055439
98,100,2024-06-02 04:00:00,94799000.0,95626000.0,94500000.0,95118000.0,102468815684.5522,1078.45643151,394000.0,394000.0,0.0,662357.1428571428,526357.1428571428,1.2583796987379563,55.72046629010936,0,0,,,0.0,0.0,0.9851453994015099,0.9772956665366886,1.3338820880821733
99,101,2024-06-03 04:00:00,95118000.0,97358000.0,94667000.0,96472000.0,255535691435.81488,2657.51372002,319000.0,319000.0,0.0,685142.8571428572,502000.0,1.36482640865111,57.71359807460891,0,0,,,0.0,0.0,0.9851453994015099,0.9772956665366886,1.3383706205149861
100,102,2024-06-04 04:00:00,96472000.0,97927000.0,95520000.0,97564000.0,246619102273.6651,2552.5219253,1354000.0,1354000.0,0.0,615214.2857142857,502000.0,1.225526465566306,55.066811584937014,0,0,,,0.0,0.0,0.9851453994015099,0.9772956665366886,1.3574222597439154
101,103,2024-06-05 04:00:00,97570000.0,98989000.0,97049000.0,98386000.0,280657160214.91144,2861.25284864,1098000.0,1098000.0,0.0,601142.8571428572,502000.0,1.1974957313602732,54.493654493654496,0,0,,,0.0,0.0,0.9851453994015099,0.9772956665366886,1.372871816518926
102,104,2024-06-06 04:00:00,98387000.0,99400000.0,98100000.0,98771000.0,205871023118.4162,2087.58697339,817000.0,817000.0,0.0,659500.0,493000.0,1.3377281947261663,57.223427331887194,0,0,,,0.0,0.0,0.9851453994015099,0.9772956665366886,1.3843675249753773
103,105,2024-06-07 04:00:00,98771000.0,99650000.0,97490000.0,97537000.0,319366226909.28723,3238.68353449,384000.0,384000.0,0.0,686928.5714285715,317714.28571428574,2.162095323741007,68.37539992890153,0,0,,,0.0,0.0,0.9851453994015099,0.9772956665366886,1.3897706486562553
104,106,2024-06-08 04:00:00,97579000.0,98180000.0,97219000.0,98056000.0,137279149108.07104,1402.57339976,-1192000.0,0.0,1192000.0,536357.1428571428,402857.14285714284,1.3313829787234042,57.10700433493041,0,0,,,-0.0,-0.0,0.9851453994015099,0.9772956665366886,1.3729984522301966
105,107,2024-06-09 04:00:00,98056000.0,98400000.0,97710000.0,98208000.0,91995681130.83328,938.64884403,477000.0,477000.0,0.0,530428.5714285715,402857.14285714284,1.3166666666666669,56.834532374100725,0,0,,,0.0,0.0,0.9851453994015099,0.9772956665366886,1.3797101449275373
106,108,2024-06-10 04:00:00,98208000.0,98300000.0,96980000.0,97658000.0,141537761384.00107,1452.18222884,152000.0,152000.0,0.0,541285.7142857143,396428.5714285714,1.3654054054054054,57.72394881170018,0,0,,,0.0,0.0,0.9851453994015099,0.9772956665366886,1.3818488813845515
107,109,2024-06-11 04:00:00,97658000.0,97658000.0,93821000.0,94838000.0,350380650828.1342,3683.31550377,-550000.0,0.0,550000.0,524214.28571428574,435714.28571428574,1.2031147540983607,54.60971798496912,0,0,,,-0.0,-0.0,0.9851453994015099,0.9772956665366886,1.3741100323624607
108,110,2024-06-12 04:00:00,94838000.0,98204000.0,94502000.0,96521000.0,299345623221.21,3103.87913618,-2820000.0,0.0,2820000.0,524214.28571428574,500071.4285714286,1.0482788173118127,51.17852161785216,0,0,,,-0.0,-0.0,0.9851453994015099,0.9772956665366886,1.3344308428310128
109,111,2024-06-13 04:00:00,96498000.0,97170000.0,94107000.0,94773000.0,248097612112.71652,2600.94824048,1660000.0,1660000.0,0.0,642785.7142857143,435214.28571428574,1.4769407516822584,59.62761728067851,0,0,,,0.0,0.0,0.9851453994015099,0.9772956665366886,1.357788096243142
110,112,2024-06-14 04:00:00,94773000.0,95202000.0,93001000.0,93403000.0,200126728065.79883,2121.88285007,-1725000.0,0.0,1725000.0,475357.14285714284,558428.5714285715,0.8512407265285238,45.98217370275685,0,0,,,-0.0,-0.0,0.9851453994015099,0.9772956665366886,1.3335162515829477
111,113,2024-06-15 04:00:00,93403000.0,94743000.0,93184000.0,93798000.0,101677638924.36026,1082.83093141,-1370000.0,0.0,1370000.0,475357.14285714284,546928.5714285715,0.8691393496147315,46.49944102850754,0,0,,,-0.0,-0.0,0.9851453994015099,0.9772956665366886,1.3142394822006485
112,114,2024-06-16 04:00:00,93798000.0,94597000.0,93546000.0,94305000.0,78148361892.75192,830.84712405,395000.0,395000.0,0.0,475428.5714285714,546928.5714285715,0.8692699490662138,46.50317892824704,0,0,,,0.0,0.0,0.9851453994015099,0.9772956665366886,1.3197973828619685
113,115,2024-06-17 04:00:00,94374000.0,94708000.0,91559000.0,94080000.0,294524059553.54346,3171.53037125,576000.0,576000.0,0.0,493785.71428571426,546928.5714285715,0.9028340080971659,47.4468085106383,0,0,,,0.0,0.0,0.9851453994015099,0.9772956665366886,1.3279020683832856
114,116,2024-06-18 04:00:00,94080000.0,94140000.0,91000000.0,91365000.0,266092130976.73203,2889.23044826,-294000.0,0.0,294000.0,397071.4285714286,567928.5714285715,0.6991573386995346,41.14729829755736,0,0,,,-0.0,-0.0,0.9851453994015099,0.9772956665366886,1.3237653018151134
115,117,2024-06-19 04:00:00,91365000.0,92727000.0,90638000.0,91643000.0,185062907451.62512,2015.33353837,-2715000.0,0.0,2715000.0,318642.85714285716,761857.1428571428,0.41824489030564416,29.490315330204268,0,0,,,-0.0,-0.0,0.9851453994015099,0.9772956665366886,1.2855635289151557
116,118,2024-06-20 04:00:00,91619000.0,93581000.0,91336000.0,91965000.0,186800172956.52396,2024.07295905,254000.0,254000.0,0.0,278428.5714285714,761857.1428571428,0.3654603412713295,26.76462510299369,0,0,,,0.0,0.0,0.9851453994015099,0.9772956665366886,1.2891374700999032
117,119,2024-06-21 04:00:00,91948000.0,92199000.0,89501000.0,90560000.0,244850784695.29492,2704.51046463,329000.0,329000.0,0.0,274500.0,761857.1428571428,0.3603037689855616,26.48700806396029,0,0,,,0.0,0.0,0.9851453994015099,0.9772956665366886,1.2937667088785723
118,120,2024-06-22 04:00:00,90568000.0,91086000.0,90075000.0,90915000.0,68767263881.76973,758.06687645,-1380000.0,0.0,1380000.0,274500.0,775285.7142857143,0.3540630182421227,26.14819350887936,0,0,,,-0.0,-0.0,0.9851453994015099,0.9772956665366886,1.274349233150417
119,121,2024-06-23 04:00:00,90959000.0,91382000.0,90313000.0,90673000.0,52654488896.77828,579.6327198399999,391000.0,391000.0,0.0,268357.14285714284,775285.7142857143,0.34613967201031876,25.713503524741625,0,0,,,0.0,0.0,0.9851453994015099,0.9772956665366886,1.2798508512733944
120,122,2024-06-24 04:00:00,90672000.0,90766000.0,84649000.0,85301000.0,541184595009.632,6199.8994172,-287000.0,0.0,287000.0,257500.0,795785.7142857143,0.32357957095413337,24.44730774447308,0,0,,,-0.0,-0.0,0.9851453994015099,0.9772956665366886,1.2758125791473214
121,123,2024-06-25 04:00:00,85300000.0,87720000.0,83101000.0,87671000.0,405057571604.4728,4727.1029104,-5372000.0,0.0,5372000.0,257500.0,1140214.2857142857,0.22583474284282404,18.422935404742432,0,0,,,-0.0,-0.0,0.9851453994015099,0.9772956665366886,1.2002251301533715
122,124,2024-06-26 04:00:00,87672000.0,88356000.0,86114000.0,86240000.0,176958609950.89508,2030.65141207,2372000.0,2372000.0,0.0,426928.5714285714,938785.7142857143,0.4547667960130868,31.260460251046027,1,1,87672000.0,,0.0,0.0,0.9851453994015099,0.9772956665366886,1.2336006753904616
123,125,2024-06-27 04:00:00,86202000.0,87957000.0,85396000.0,87198000.0,173783837081.12088,2010.80060376,-1470000.0,0.0,1470000.0,308357.14285714284,1043785.7142857143,0.2954218846232806,22.805071315372416,0,1,87672000.0,,-0.016767040788393084,-0.01872958162514282,0.968627426307247,0.9589913275783913,1.2129168425496004
124,126,2024-06-28 04:00:00,87172000.0,87510000.0,85456000.0,85720000.0,155925198066.1899,1804.41511776,970000.0,970000.0,0.0,377642.85714285716,920571.4285714285,0.41022656734947244,29.089408528198078,0,1,87672000.0,,0.01125263914990371,0.01125263914990371,0.9795270412061824,0.969782510935518,1.2265653580976517
125,127,2024-06-29 04:00:00,85698000.0,86000000.0,84740000.0,85883000.0,100667746507.81628,1178.99527249,-1474000.0,0.0,1474000.0,377642.85714285716,928000.0,0.4069427339901478,28.923901745172046,0,1,87672000.0,,-0.016909099252053417,-0.016909099252053417,0.9629641212463569,0.9533843622052038,1.205825242718448
126,128,2024-06-30 04:00:00,85882000.0,86889000.0,85370000.0,86581000.0,82096823918.4049,952.30696417,184000.0,184000.0,0.0,362571.4285714286,928000.0,0.39070197044334976,28.093867611246395,0,1,87672000.0,,0.0021470746108427363,0.0021470746108427363,0.9650316770622375,0.9554313495636692,1.208414239482202
127,129,2024-07-01 04:00:00,86623000.0,89644000.0,86572000.0,89326000.0,218310747214.6896,2468.31711522,741000.0,741000.0,0.0,374357.14285714284,928000.0,0.4034020935960591,28.74458399605112,0,1,87672000.0,,0.00862811764979865,0.00862811764979865,0.973358083907713,0.9636749236540104,1.2188405797101463
128,130,2024-07-02 04:00:00,89345000.0,89373000.0,86987000.0,87568000.0,134732740108.8363,1530.79549637,2722000.0,2722000.0,0.0,568785.7142857143,907000.0,0.6271066309655065,38.541212913218146,1,1,87672000.0,,0.03142352492986844,0.03142352492986844,1.0039444259230759,0.9939569866417413,1.2571408470522034
129,131,2024-07-03 04:00:00,87568000.0,87625000.0,84576000.0,85401000.0,224767817655.08228,2620.15901205,-1777000.0,0.0,1777000.0,568785.7142857143,840000.0,0.6771258503401361,40.37418242660853,0,1,89345000.0,,-0.019889193575465924,-0.021845502570325248,0.9839767808968818,0.9722434967352663,1.232137329393557
130,132,2024-07-04 04:00:00,85400000.0,85644000.0,81207000.0,83190000.0,483666944966.0082,5838.29792644,-2168000.0,0.0,2168000.0,550642.8571428572,994857.1428571428,0.5534893739230328,35.62878402736055,0,1,89345000.0,,-0.024757902430111445,-0.024757902430111445,0.9596155797619417,0.9481727871047843,1.2016321936119332
131,133,2024-07-05 04:00:00,83190000.0,84064000.0,77335000.0,80628000.0,801362880732.2914,10072.2959753,-2210000.0,0.0,2210000.0,527142.8571428572,1152714.2857142857,0.4573057380096667,31.38021940641211,0,0,89345000.0,83190000.0,-0.025878220140515218,-0.027826463700234227,0.934782436538594,0.921788491462863,1.1705360911777134
132,134,2024-07-06 04:00:00,80628000.0,82980000.0,79938000.0,82318000.0,210544704237.02283,2594.6145228200003,-2562000.0,0.0,2562000.0,527142.8571428572,1237142.857142857,0.4260969976905312,29.878542510121463,0,0,,,-0.0,-0.0,0.934782436538594,0.921788491462863,1.1344871253693554
133,135,2024-07-07 04:00:00,82319000.0,83202000.0,80500000.0,81287000.0,190165976595.27588,2324.13408419,1691000.0,1691000.0,0.0,620000.0,1237142.857142857,0.5011547344110855,33.38461538461539,1,1,82319000.0,,0.0,0.0,0.934782436538594,0.921788491462863,1.1582805684536384
134,136,2024-07-08 04:00:00,81287000.0,82700000.0,77880000.0,80000000.0,435512976945.4721,5445.07602584,-1032000.0,0.0,1032000.0,620000.0,1290357.142857143,0.4804871298090229,32.45466442325669,0,1,82319000.0,,-0.012536595439691878,-0.01450758027913368,0.9230634473075803,0.908415570922584,1.1437596735612787
135,137,2024-07-09 04:00:00,80000000.0,82300000.0,79780000.0,81811000.0,208755987608.8399,2571.76678777,-1287000.0,0.0,1287000.0,620000.0,998571.4285714285,0.6208869814020029,38.305383936451896,0,1,82319000.0,,-0.015832789991019447,-0.015832789991019447,0.9084487775979729,0.8940328179635947,1.125650766849586
136,138,2024-07-10 04:00:00,81886000.0,83825000.0,81351000.0,81759000.0,239200481066.2008,2897.96883055,1886000.0,1886000.0,0.0,585285.7142857143,998571.4285714285,0.5861230329041488,36.95318841886895,0,1,82319000.0,,0.0235749999999999,0.0235749999999999,0.9298654575298451,0.9151096416470863,1.152187983678065
137,139,2024-07-11 04:00:00,81673000.0,83795000.0,81000000.0,81737000.0,236790165933.49265,2881.59662547,-213000.0,0.0,213000.0,585285.7142857143,908785.7142857143,0.6440304959522125,39.17387770712817,0,1,82319000.0,,-0.0026011772464157312,-0.0026011772464157312,0.9274467126594905,0.9127292792692583,1.1491909385113281
138,140,2024-07-12 04:00:00,81702000.0,82309000.0,80085000.0,82052000.0,169644699927.88095,2092.77014834,29000.0,29000.0,0.0,518071.4285714286,908785.7142857143,0.5700699520553328,36.308570284341215,0,1,82319000.0,,0.0003550745044262893,0.0003550745044262893,0.9277760253413699,0.9130533661657702,1.1495989869143113
139,141,2024-07-13 04:00:00,82094000.0,82730000.0,80700000.0,82389000.0,113201225389.98982,1381.71643542,392000.0,392000.0,0.0,546071.4285714285,803500.0,0.6796159658636323,40.462580713454,0,1,82319000.0,,0.004797924163423062,0.004797924163423062,0.9322274243515999,0.9174341269737917,1.1551146756718742
140,142,2024-07-14 04:00:00,82352000.0,84901000.0,81938000.0,84308000.0,236928191008.53372,2825.98220075,258000.0,258000.0,0.0,551357.1428571428,803500.0,0.6861943283847453,40.694854491775615,0,1,82319000.0,,0.003142738811606316,0.003142738811606316,0.9351571716593534,0.9203173828117244,1.1587448993949643
141,143,2024-07-15 04:00:00,84224000.0,89357000.0,84166000.0,89089000.0,422260589337.4125,4835.19126554,1872000.0,1872000.0,0.0,632142.8571428572,803500.0,0.786736598808783,44.03204139509428,0,1,82352000.0,,0.02273168836215267,0.02273168836215267,0.9564148730551459,0.9412377507520725,1.1850851273392446
142,144,2024-07-16 04:00:00,89089000.0,91544000.0,87300000.0,90560000.0,602759504434.8257,6730.14255786,4865000.0,4865000.0,0.0,785214.2857142857,803500.0,0.9772424215485821,49.42451218415611,0,1,84224000.0,,0.057762632978723305,0.057762632978723305,1.0116599143428227,0.9956061214944835,1.253538764598285
143,145,2024-07-17 04:00:00,90540000.0,92159000.0,89500000.0,90304000.0,357795472887.10114,3932.52021287,1451000.0,1451000.0,0.0,888857.1428571428,676571.4285714285,1.3137668918918919,56.780434385836834,0,1,89089000.0,,0.016287083702813954,0.016287083702813954,1.0281369040465058,1.011821641730298,1.2739552553820193
144,146,2024-07-18 04:00:00,90250000.0,91200000.0,89049000.0,89430000.0,243373836139.7104,2702.36871684,-290000.0,0.0,290000.0,888857.1428571428,542428.5714285715,1.6386621016592045,62.10200618824234,0,1,90540000.0,,-0.0032030041970400047,-0.0032030041970400047,1.0248437772277132,1.00858077276518,1.2698747713521894
145,147,2024-07-19 04:00:00,89430000.0,93291000.0,88675000.0,93279000.0,322026570068.983,3543.41115162,-820000.0,0.0,820000.0,888857.1428571428,443142.85714285716,2.0058027079303673,66.73101673101672,0,1,90540000.0,,-0.009085872576177323,-0.009085872576177323,1.015532177257334,0.9994169363810532,1.258336850991981
146,148,2024-07-20 04:00:00,93279000.0,94582000.0,92736000.0,94430000.0,239250161976.96103,2559.4098373,3849000.0,3849000.0,0.0,1163785.7142857143,260142.85714285713,4.473640856672159,81.7306245297216,0,1,90540000.0,,0.04303924857430386,0.04303924857430386,1.0592399190695165,1.0424310903353267,1.3124947235120317
147,149,2024-07-21 04:00:00,94430000.0,94624000.0,92413000.0,93817000.0,225219167064.5447,2397.74764892,1151000.0,1151000.0,0.0,1125214.2857142857,260142.85714285713,4.325370675453048,81.22196442382057,0,1,93279000.0,,0.0123393261076985,0.0123393261076985,1.0723102258572075,1.055293987503778,1.3286900239200803
148,150,2024-07-22 04:00:00,93817000.0,95353000.0,93050000.0,94250000.0,317075360408.3915,3358.25556031,-613000.0,0.0,613000.0,1125214.2857142857,230214.2857142857,4.88768228358672,83.01538785834738,0,1,94430000.0,,-0.006491581065339425,-0.006491581065339425,1.065349237098863,1.0484434610361317,1.3200647249190953
149,151,2024-07-23 04:00:00,94250000.0,95000000.0,92377000.0,92520000.0,298088674984.9885,3187.04928352,433000.0,433000.0,0.0,1156142.857142857,138285.7142857143,8.360537190082644,89.31685244454255,0,1,94430000.0,,0.004615368216847715,0.004615368216847715,1.0702662161076122,1.0532824136633596,1.3261573096946688
150,152,2024-07-24 04:00:00,92520000.0,93494000.0,91205000.0,92000000.0,274454079179.34305,2971.56746548,-1730000.0,0.0,1730000.0,1021428.5714285715,261857.14285714287,3.900709219858156,79.59479015918959,0,1,94430000.0,,-0.018355437665782515,-0.018355437665782515,1.050621011292056,1.033948953974897,1.3018151118615464
151,153,2024-07-25 04:00:00,92000000.0,92443000.0,89202000.0,90743000.0,373943149404.1727,4136.52690095,-520000.0,0.0,520000.0,1021428.5714285715,283785.71428571426,3.5992952428895046,78.25753844469983,0,1,94430000.0,,-0.005620406398616495,-0.005620406398616495,1.0447160942376692,1.0281377406581336,1.2944983818770242
152,154,2024-07-26 04:00:00,90762000.0,94990000.0,90501000.0,94349000.0,331555025893.44946,3542.12174545,-1238000.0,0.0,1238000.0,1019357.1428571428,372214.28571428574,2.738629821531376,73.25223283030489,0,1,94430000.0,,-0.013456521739130478,-0.013456521739130478,1.0306578494043406,1.0143025828001468,1.2770789362600268
153,155,2024-07-27 04:00:00,94349000.0,96813000.0,94200000.0,95942000.0,297964894898.26056,3122.21428631,3587000.0,3587000.0,0.0,1247571.4285714286,372214.28571428574,3.351755900978699,77.02076994311417,0,1,94430000.0,,0.03952094488883007,0.03952094488883007,1.0713904214698897,1.0543887792755895,1.327550302518645
154,156,2024-07-28 04:00:00,95942000.0,96288000.0,93150000.0,95200000.0,382132111539.1619,4035.41814003,1593000.0,1593000.0,0.0,1342928.5714285714,372214.28571428574,3.6079447322970637,78.2983508245877,0,1,94430000.0,,0.016884121718301115,0.016884121718301115,1.0894799077538093,1.0721912077632896,1.3499648234135373
155,157,2024-07-29 04:00:00,95157000.0,97100000.0,93203000.0,94384000.0,425788556903.1346,4448.54012195,-785000.0,0.0,785000.0,1209214.2857142857,428285.71428571426,2.8233822548365577,73.84514721919302,0,1,95942000.0,,-0.008182026641095685,-0.008182026641095685,1.080565754123629,1.0634185107370218,1.3389193752638258
156,158,2024-07-30 04:00:00,94369000.0,94672000.0,92015000.0,92196000.0,285813424627.4896,3065.70510179,-788000.0,0.0,788000.0,861714.2857142857,484571.4285714286,1.7783018867924527,64.00679117147708,-1,0,95942000.0,94369000.0,-0.008281051315194854,-0.01026448921256451,1.071617533664289,1.0525030629051202,1.3278317152103574
157,159,2024-07-31 04:00:00,92121000.0,93298000.0,91682000.0,92986000.0,197806194620.2005,2137.55691075,-2248000.0,0.0,2248000.0,758071.4285714285,645142.8571428572,1.1750442869796278,54.02392466276406,0,0,,,-0.0,-0.0,1.071617533664289,1.0525030629051202,1.296200928661884
158,160,2024-08-01 04:00:00,92986000.0,93101000.0,88001000.0,88779000.0,493491867619.92194,5480.49441133,865000.0,865000.0,0.0,819857.1428571428,624428.5714285715,1.312971859986273,56.76557863501483,0,0,,,0.0,0.0,1.071617533664289,1.0525030629051202,1.3083720275784452
159,161,2024-08-02 04:00:00,88751000.0,92300000.0,88320000.0,88710000.0,381624110142.42224,4227.94542419,-4235000.0,0.0,4235000.0,819857.1428571428,868357.1428571428,0.9441474047873653,48.563570975248574,0,0,,,-0.0,-0.0,1.071617533664289,1.0525030629051202,1.2487828901083453
160,162,2024-08-03 04:00:00,88737000.0,89170000.0,85158000.0,85160000.0,451818648436.088,5204.5523392800005,-14000.0,0.0,14000.0,544928.5714285715,869357.1428571428,0.6268178456987923,38.53030303030303,0,0,,,-0.0,-0.0,1.071617533664289,1.0525030629051202,1.2485859012241467
161,163,2024-08-04 04:00:00,85181000.0,86311000.0,81756000.0,83292000.0,342435449773.2804,4057.47317498,-3556000.0,0.0,3556000.0,462714.28571428574,1123357.142857143,0.4119030965854899,29.173609547399238,0,0,,,-0.0,-0.0,1.071617533664289,1.0525030629051202,1.1985507246376828
162,164,2024-08-05 04:00:00,83292000.0,84333000.0,72100000.0,76349000.0,1792013557741.0686,23357.87491417,-1889000.0,0.0,1889000.0,462714.28571428574,1214500.0,0.3809915897194613,27.588262850815553,0,0,,,-0.0,-0.0,1.071617533664289,1.0525030629051202,1.171971295905447
163,165,2024-08-06 04:00:00,76349000.0,82150000.0,75777000.0,80687000.0,702240222867.1626,8799.38532052,-6943000.0,0.0,6943000.0,431785.71428571426,1710428.5714285714,0.252442996742671,20.156046814044203,0,0,,,-0.0,-0.0,1.071617533664289,1.0525030629051202,1.0742788799774885
164,166,2024-08-07 04:00:00,80687000.0,81950000.0,78260000.0,78410000.0,374916153716.5074,4651.46386909,4338000.0,4338000.0,0.0,741642.8571428572,1586857.142857143,0.4673658624414836,31.85067026595908,1,1,80687000.0,,0.0,0.0,1.071617533664289,1.0525030629051202,1.1353172928099073
165,167,2024-08-08 04:00:00,78411000.0,84071000.0,77782000.0,83332000.0,516180483839.5426,6385.70471888,-2276000.0,0.0,2276000.0,741642.8571428572,1712285.7142857143,0.433130318705156,30.222675010915438,0,1,80687000.0,,-0.028207765811097185,-0.03014747086935854,1.0413895972356213,1.0207727574762775,1.1032925284930366
166,168,2024-08-09 04:00:00,83332000.0,87980000.0,83236000.0,84889000.0,477955551964.8439,5582.63056906,4921000.0,4921000.0,0.0,1093142.857142857,1623857.142857143,0.6731767396850531,40.23345075976654,0,1,80687000.0,,0.06275905166366957,0.06275905166366957,1.1067462207705396,1.0848354876995976,1.1725341212888718
167,169,2024-08-10 04:00:00,84850000.0,86370000.0,84512000.0,85650000.0,143874895597.5444,1684.54938034,1518000.0,1518000.0,0.0,945357.1428571428,1623857.142857143,0.5821676783672033,36.79557396647113,0,1,83332000.0,,0.018216291460663392,0.018216291460663392,1.1269070325010835,1.1045971671304045,1.1938933445898428
168,170,2024-08-11 04:00:00,85650000.0,86424000.0,84150000.0,84657000.0,156846770064.884,1839.4616291,800000.0,800000.0,0.0,888714.2857142857,1623857.142857143,0.5472860033430104,35.370707300432116,0,1,84850000.0,,0.009428403064231095,0.009428403064231095,1.1375319662194203,1.1150117544457177,1.2051498522583388
169,171,2024-08-12 04:00:00,84657000.0,85000000.0,81000000.0,82222000.0,469703396401.9406,5664.58017073,-993000.0,0.0,993000.0,888714.2857142857,1638714.2857142857,0.5423241216981954,35.16278543974677,0,1,85650000.0,,-0.011593695271453597,-0.011593695271453597,1.1243437672415348,1.1020846479405852,1.1911777121148184
170,172,2024-08-13 04:00:00,82223000.0,85770000.0,82050000.0,84782000.0,242015219506.48083,2898.63508466,-2434000.0,0.0,2434000.0,888714.2857142857,1756285.7142857143,0.5060191963559459,33.5997839589522,0,1,85650000.0,,-0.02875131412641596,-0.02875131412641596,1.0920174064034955,1.070398266033745,1.1569297875334197
171,173,2024-08-14 04:00:00,84725000.0,85950000.0,82483000.0,82732000.0,311977717635.56055,3703.56305615,2502000.0,2502000.0,0.0,1067428.5714285714,1595714.2857142857,0.6689346463742166,40.08153631584594,0,1,85650000.0,,0.030429441883657926,0.030429441883657926,1.1252468866075935,1.102969887862387,1.1921345152666405
172,174,2024-08-15 04:00:00,82732000.0,83555000.0,81048000.0,81437000.0,254627287307.08643,3093.29119338,-1993000.0,0.0,1993000.0,1005642.8571428572,1738071.4285714286,0.5785969670817408,36.652608559825055,0,1,85650000.0,,-0.023523163174977824,-0.023523163174977824,1.0987775204817873,1.077024547213113,1.1640917405375002
173,175,2024-08-16 04:00:00,81436000.0,83040000.0,79500000.0,82912000.0,286840269943.50336,3534.62756845,-1296000.0,0.0,1296000.0,1005642.8571428572,1528142.857142857,0.658081705150977,39.689341189073374,0,1,85650000.0,,-0.015665038920852914,-0.015665038920852914,1.0815651278580818,1.0601529157623055,1.1458561981145368
174,176,2024-08-17 04:00:00,82911000.0,83400000.0,82042000.0,82766000.0,95527676124.57948,1156.01419021,1475000.0,1475000.0,0.0,1111000.0,1527142.857142857,0.7275023386342376,42.11295824985109,0,1,85650000.0,,0.01811238272999649,0.01811238272999649,1.1011548494012648,1.079354811124914,1.166610384128326
175,177,2024-08-18 04:00:00,82766000.0,83679000.0,82500000.0,82920000.0,109643950727.48268,1318.90859427,-145000.0,0.0,145000.0,1111000.0,1283500.0,0.8656018698870277,46.39799540613907,0,1,85650000.0,,-0.0017488632388946712,-0.0017488632388946712,1.0992290801648164,1.0774671671740137,1.1645701421134111
176,178,2024-08-19 04:00:00,82920000.0,83197000.0,80100000.0,81078000.0,232289328060.0812,2862.09245122,154000.0,154000.0,0.0,1122000.0,1148571.4285714286,0.976865671641791,49.41487353718384,0,1,85650000.0,,0.001860667423821294,0.001860667423821294,1.1012743799055962,1.0794719752322115,1.1667370198395965
177,179,2024-08-20 04:00:00,81149000.0,83400000.0,80501000.0,80966000.0,270302204242.66345,3292.32151624,-1771000.0,0.0,1771000.0,1122000.0,779142.8571428572,1.4400440044004401,59.01713255184852,0,0,85650000.0,81149000.0,-0.021357935359382574,-0.023315219488663774,1.0777534328866283,1.0543038491978112,1.1418179259884638
178,180,2024-08-21 04:00:00,80913000.0,82430000.0,80567000.0,82403000.0,179513239651.35983,2210.52543258,-236000.0,0.0,236000.0,812142.8571428572,796000.0,1.0202799712849964,50.50190992271475,0,0,,,-0.0,-0.0,1.0777534328866283,1.0543038491978112,1.1384972562262574
179,181,2024-08-22 04:00:00,82390000.0,83600000.0,81280000.0,81962000.0,242203449191.37665,2932.66204474,1477000.0,1477000.0,0.0,917642.8571428572,633428.5714285715,1.4486919260261615,59.16186967533963,0,0,,,0.0,0.0,1.0777534328866283,1.0543038491978112,1.159279583509218
180,182,2024-08-23 04:00:00,81955000.0,84984000.0,81871000.0,84690000.0,267133115630.6289,3213.12404525,-435000.0,0.0,435000.0,566142.8571428572,664500.0,0.8519832312157369,46.00383075047885,0,0,,,-0.0,-0.0,1.0777534328866283,1.0543038491978112,1.1531588574644733
181,183,2024-08-24 04:00:00,84672000.0,86500000.0,84540000.0,85742000.0,294293241681.6922,3432.96209127,2717000.0,2717000.0,0.0,651785.7142857143,664500.0,0.980866387186929,49.51703928803994,0,0,,,0.0,0.0,1.0777534328866283,1.0543038491978112,1.1913887716336025
182,184,2024-08-25 04:00:00,85742000.0,86199000.0,85300000.0,85990000.0,121781007413.56908,1421.13746154,1070000.0,1070000.0,0.0,671071.4285714285,664500.0,1.0098892830269806,50.2460156166435,0,0,,,0.0,0.0,1.0777534328866283,1.0543038491978112,1.2064443506402158
183,185,2024-08-26 04:00:00,85929000.0,86979000.0,84697000.0,85510000.0,208751062784.21832,2439.28147013,187000.0,187000.0,0.0,684428.5714285715,593571.4285714285,1.153068592057762,53.554661301140186,0,0,,,0.0,0.0,1.0777534328866283,1.0543038491978112,1.209075559307727
184,186,2024-08-27 04:00:00,85462000.0,85528000.0,83020000.0,83755000.0,190674256786.82156,2266.71248312,-467000.0,0.0,467000.0,684428.5714285715,453071.4285714286,1.5106416522150403,60.169544740973315,0,0,,,-0.0,-0.0,1.0777534328866283,1.0543038491978112,1.2025045729562425
185,187,2024-08-28 04:00:00,83764000.0,83879000.0,79550000.0,81200000.0,454734082401.6284,5616.74026272,-1698000.0,0.0,1698000.0,505714.28571428574,574357.1428571428,0.880487501554533,46.822300112426426,0,0,,,-0.0,-0.0,1.0777534328866283,1.0543038491978112,1.17861263542986
186,188,2024-08-29 04:00:00,81191000.0,82700000.0,80127000.0,80671000.0,203401022733.142,2503.64034259,-2573000.0,0.0,2573000.0,505714.28571428574,615785.7142857143,0.8212504349843406,45.09266925673524,0,0,,,-0.0,-0.0,1.0777534328866283,1.0543038491978112,1.1424088926410603
187,189,2024-08-30 04:00:00,80623000.0,81250000.0,79225000.0,80698000.0,248095456135.862,3089.30239803,-568000.0,0.0,568000.0,505714.28571428574,563785.7142857143,0.8969973394146712,47.285113203766784,0,0,,,-0.0,-0.0,1.0777534328866283,1.0543038491978112,1.1344167721964282
188,190,2024-08-31 04:00:00,80698000.0,80823000.0,80000000.0,80144000.0,77437235520.96323,962.84726787,75000.0,75000.0,0.0,405714.28571428574,563785.7142857143,0.7196249841631825,41.847786045826275,0,0,,,0.0,0.0,1.0777534328866283,1.0543038491978112,1.1354720697903498
189,191,2024-09-01 04:00:00,80224000.0,80399000.0,78800000.0,79843000.0,159055099399.598,2002.39228878,-474000.0,0.0,474000.0,405714.28571428574,587285.7142857143,0.6908294818778886,40.85743058552726,0,0,,,-0.0,-0.0,1.0777534328866283,1.0543038491978112,1.1288025889967659
190,192,2024-09-02 04:00:00,79843000.0,80089000.0,78235000.0,79471000.0,189532330654.58063,2400.41189778,-381000.0,0.0,381000.0,394714.28571428574,614500.0,0.6423340695106359,39.11104819874018,0,0,,,-0.0,-0.0,1.0777534328866283,1.0543038491978112,1.1234416772196447
191,193,2024-09-03 04:00:00,79497000.0,81101000.0,78557000.0,78960000.0,205302566472.9922,2571.396041,-346000.0,0.0,346000.0,394714.28571428574,512714.28571428574,0.7698523265533574,43.49811083123426,0,0,,,-0.0,-0.0,1.0777534328866283,1.0543038491978112,1.1185732376530202
192,194,2024-09-04 04:00:00,78868000.0,79300000.0,76248000.0,78143000.0,310553210268.8199,4007.71532553,-629000.0,0.0,629000.0,394714.28571428574,540785.7142857143,0.7298903711530841,42.19286859586164,0,0,,,-0.0,-0.0,1.0777534328866283,1.0543038491978112,1.1097228084986654
193,195,2024-09-05 04:00:00,78182000.0,79190000.0,76135000.0,76796000.0,212976291309.078,2752.12243344,-686000.0,0.0,686000.0,289214.28571428574,589785.7142857143,0.49037180574058375,32.90264911425321,0,0,,,-0.0,-0.0,1.0777534328866283,1.0543038491978112,1.1000703531729301
194,196,2024-09-06 04:00:00,76796000.0,76860000.0,72886000.0,72886000.0,413119383545.45166,5499.58262518,-1386000.0,0.0,1386000.0,289214.28571428574,657714.2857142857,0.4397263249348393,30.542354982273523,0,0,,,-0.0,-0.0,1.0777534328866283,1.0543038491978112,1.080568453637261
195,197,2024-09-07 04:00:00,72886000.0,74580000.0,72200000.0,73850000.0,193567013142.6668,2633.9736966,-3910000.0,0.0,3910000.0,95142.85714285714,937000.0,0.10153986888245159,9.217993079584772,0,0,,,-0.0,-0.0,1.0777534328866283,1.0543038491978112,1.0255522724074875
196,198,2024-09-08 04:00:00,73867000.0,74180000.0,72992000.0,73836000.0,101794948558.084,1382.31649323,981000.0,981000.0,0.0,88785.71428571429,937000.0,0.09475529806372923,8.65538611517303,0,0,,,0.0,0.0,1.0777534328866283,1.0543038491978112,1.0393555649359807
197,199,2024-09-09 04:00:00,73836000.0,76800000.0,73478000.0,76501000.0,199157314682.97403,2655.16679511,-31000.0,0.0,31000.0,75428.57142857143,939214.2857142857,0.08031028975587498,7.434002111932415,0,0,,,-0.0,-0.0,1.0777534328866283,1.0543038491978112,1.0389193752638266
198,200,2024-09-10 04:00:00,76501000.0,78500000.0,76432000.0,77938000.0,212380883259.56012,2745.73710487,2665000.0,2665000.0,0.0,265785.71428571426,905857.1428571428,0.2934079798139095,22.68487471803938,0,0,,,0.0,0.0,1.0777534328866283,1.0543038491978112,1.0764176164345034
199,201,2024-09-11 04:00:00,77938000.0,77938000.0,77938000.0,77938000.0,7368769.0139,0.09454655,1437000.0,1437000.0,0.0,368428.5714285714,784571.4285714285,0.46959213401311,31.953909057118082,1,1,77938000.0,,0.0,0.0,1.0777534328866283,1.0543038491978112,1.096637118334039
